flight_loc_country_id,holding_id,country_id
1,502000,1
2,502001,1
3415,502002,1
18996,502003,1
5,502004,1
6,502005,1
4846,502006,1
8,502007,1
9,502008,1
19027,502009,1
18997,502010,1
18998,502011,1
13,502012,1
4845,502013,1
15,502014,1
4844,502015,1
17,502016,1
18,502017,1
4843,502018,1
4842,502019,1
3574,502020,1
22,502021,1
23,502022,1
4841,502023,1
25,502024,1
18999,502025,1
27,502026,1
28,502027,1
29,502028,1
18905,502029,1
18906,502030,1
19000,502031,1
18907,502032,1
34,502033,1
35,502034,1
18908,502035,1
18909,502036,1
18910,502037,1
18912,502038,1
18911,502039,1
41,502040,1
18913,502041,1
18914,502042,1
44,502043,1
19001,502044,1
46,502045,1
18915,502046,1
18916,502047,1
49,502048,1
50,502049,1
4729,502050,1
52,502051,1
19002,502052,1
4728,502053,1
18917,502054,1
18918,502055,1
57,502056,1
18919,502057,1
7468,502058,1
4726,502059,1
19003,502060,1
4724,502061,1
18920,502062,1
18921,502063,1
18922,502064,1
19004,502065,1
18926,502066,1
18924,502067,1
19005,502068,1
19006,502069,1
19007,502070,1
18838,502071,1
18837,502072,1
18839,502073,1
18840,502074,1
4714,502075,1
18841,502076,1
18842,502077,1
18843,502078,1
18844,502079,1
19008,502080,1
19009,502081,1
83,502082,1
84,502083,1
19010,502084,1
86,502085,1
18931,502086,1
4705,502087,1
19011,502088,1
4702,502089,1
19012,502090,1
4699,502091,1
4698,502092,1
4697,502093,1
4695,502094,1
96,502095,1
97,502096,1
98,502097,1
99,502098,1
100,502099,1
101,502100,1
4694,502101,1
4692,502102,1
18960,502103,1
18961,502104,1
18962,502105,1
18963,502106,1
18964,502107,1
18965,502108,1
18966,502109,1
18845,502110,1
18967,502111,1
19017,502112,1
114,502113,1
19018,502114,1
4687,502115,1
117,502116,1
118,502117,1
119,502118,1
120,502119,1
121,502120,1
19019,502121,1
18846,502122,1
18847,502123,1
18848,502124,1
126,502125,1
19020,502126,1
19021,502127,1
18700,502128,1
18701,502129,1
4686,502130,1
4685,502131,1
18971,502132,1
4683,502133,1
4681,502134,1
4680,502135,1
10743,502136,1
10745,502137,1
3701,502138,1
4677,502139,1
18972,502140,1
18849,502141,1
4674,502142,1
18702,502143,1
18703,502144,1
146,502145,1
147,502146,1
148,502147,1
149,502148,1
18973,502149,1
18974,502150,1
152,502151,1
10744,502152,1
3706,502153,1
4672,502154,1
18704,502157,1
18705,502158,1
158,502160,1
159,502161,1
160,502162,1
18976,502163,1
18975,502164,1
18977,502165,1
4670,502166,1
4669,502167,1
4668,502168,1
4667,502169,1
4666,502170,1
4665,502171,1
4664,502172,1
4663,502173,1
18850,502174,1
4661,502175,1
174,502176,1
4660,502177,1
176,502178,1
177,502179,1
178,502180,1
18985,502181,1
18986,502182,1
181,502183,1
18987,502184,1
18988,502185,1
4649,502186,1
18990,502187,1
6500,502188,1
19022,502189,1
4645,502190,1
4644,502191,1
18706,502192,1
4642,502193,1
4641,502194,1
4639,502195,1
4637,502196,1
195,502197,1
19030,502198,1
3717,502199,1
198,502200,1
199,502201,1
18991,502202,1
3378,502203,1
19218,502204,1
18992,502205,1
204,502212,1
205,502215,1
206,502217,1
207,502218,1
6504,502219,1
19026,502220,1
19967,502221,1
211,502222,1
19023,502223,1
213,502224,1
214,502225,1
18880,502226,1
18881,502227,1
217,502228,1
218,502229,1
219,502230,1
220,502232,1
6506,502233,1
222,502235,1
223,502236,1
224,502237,1
225,502238,1
226,502242,1
227,502243,1
228,502244,1
229,502245,1
230,502246,1
18882,502247,1
18883,502248,1
233,502249,1
18895,502250,1
18896,502251,1
18897,502252,1
237,502253,1
238,502254,1
239,502255,1
240,502256,1
241,502257,1
242,502258,1
18899,502259,1
18898,502260,1
18900,502261,1
3452,502262,1
247,502263,1
3333,502264,9
249,502265,1
250,502266,1
251,502267,1
18994,502269,1
18995,502270,1
254,502271,1
255,502272,1
256,502273,1
257,502274,1
258,502275,1
259,502276,1
3727,502277,1
261,502278,1
262,502279,1
9479,502280,1
9478,502281,1
18902,502282,1
266,502283,1
18903,502284,1
268,502285,1
269,502286,1
270,502287,1
271,502288,1
272,502289,1
273,502290,1
274,502291,1
275,502292,1
276,502293,1
277,502294,1
4790,502295,1
4791,502296,1
6593,502297,1
6592,502298,1
20928,502299,1
6590,502300,1
6589,502302,1
19174,502303,1
19154,502304,1
19246,502305,1
12290,502306,1
6585,502307,1
6584,502308,1
12293,502309,1
6580,502310,1
19153,502311,1
11230,502312,1
19219,502313,1
19613,502314,1
19330,502315,1
19751,502316,1
19243,502317,1
19646,502318,1
6573,502319,1
19152,502320,1
6568,502321,1
6566,502322,1
20492,502323,1
6562,502324,1
12296,502325,1
6559,502326,1
20096,502327,1
19755,502328,1
6553,502329,1
13153,502330,1
6557,502331,1
5418,502332,1
6537,502333,1
18550,502334,1
7283,502335,1
13953,502336,1
5385,502337,1
13181,502338,1
5392,502339,1
5393,502340,1
10275,502341,1
5399,502342,1
13355,502343,1
7210,502344,1
5472,502345,1
5470,502346,1
5471,502347,1
5466,502348,1
5469,502349,1
5468,502350,1
20916,502351,1
6598,502352,1
19183,502353,1
6596,502354,1
12054,502356,1
16157,502357,1
19827,502358,1
19196,502359,1
19442,502360,1
19247,502361,1
5527,502362,1
13082,502363,1
6610,502364,1
13085,502365,1
16156,502366,1
13087,502367,1
20065,502368,1
13091,502369,1
13092,502370,1
13093,502371,1
19785,502372,1
9278,502374,1
13095,502375,1
20059,502376,1
5551,502377,1
5552,502378,1
5553,502379,1
15362,502380,1
13104,502381,1
19146,502382,1
13106,502383,1
13107,502384,1
19538,502385,1
13110,502386,1
13112,502387,1
19642,502388,1
5562,502389,1
5563,502390,1
20913,502391,1
19989,502392,1
19443,502393,1
5566,502394,1
5567,502395,1
19444,502396,1
21022,502397,1
19074,502398,1
19076,502399,1
16567,502400,1
16106,502401,1
16542,502402,1
19149,502403,1
19213,502404,1
16081,502405,1
18948,502406,1
19500,502407,1
17841,502408,1
20138,502409,1
16869,502410,1
20194,502411,1
16932,502412,1
16955,502413,1
16796,502414,1
17107,502415,1
16614,502416,1
20959,502417,1
17201,502418,1
19098,502419,1
19099,502420,1
9877,502421,1
16047,502422,1
18124,502423,1
15900,502424,1
10255,502425,1
18152,502426,1
9943,502427,1
18135,502428,1
17235,502429,1
9992,502430,1
17839,502431,1
10014,502432,1
17830,502433,1
10223,502434,1
18742,502435,1
10321,502436,1
19115,502437,1
20279,502438,1
19120,502439,1
19290,502440,1
19081,507205,1
19392,502442,1
19395,502443,1
20535,502444,1
11721,502445,1
5666,506972,1
20555,502447,1
20490,507472,1
19124,507191,1
18087,502450,1
21193,502451,1
20890,502452,1
19428,502453,1
21091,502454,1
19221,502455,1
11487,502456,1
19453,502457,1
15898,502458,1
17963,502459,1
17313,502460,1
19992,502461,1
5676,502462,1
5678,502463,1
5679,502464,1
17315,502465,1
18598,502466,1
5682,502467,1
5683,502468,1
5684,502469,1
5685,502470,1
5686,502471,1
19184,502472,1
5688,502473,1
5689,502474,1
5690,502475,1
6474,502476,1
6476,502477,1
5693,502478,1
19754,502479,1
5695,502480,1
20055,502481,1
5697,502482,1
20701,502483,1
5699,502484,1
5700,502485,1
20695,502486,1
19606,502487,1
6479,502488,1
5703,502489,1
19601,502490,1
5705,502491,1
20054,502492,1
5707,502493,1
6481,502494,1
6482,502495,1
5710,502496,1
5711,502497,1
19529,502498,1
6483,502499,1
17985,502500,1
6484,502501,1
7518,502502,1
6486,502503,1
5718,502504,1
19995,502505,1
6488,502506,1
6489,502507,1
5723,502508,1
5724,502509,1
5725,502510,1
5726,502511,1
19996,502512,1
19536,502513,1
5729,502514,1
19600,502515,1
19284,502516,1
19259,502517,1
19128,502518,1
5887,502519,1
19328,502520,1
5786,502521,1
9316,502522,1
19533,502523,1
19300,502524,1
10290,502525,1
18599,502526,1
6492,502527,1
19180,502528,1
5795,502529,1
5794,502530,1
5797,502531,1
5798,502532,1
5799,502533,1
9311,502534,1
9318,502535,1
19523,502536,1
21151,502537,1
11476,502538,1
17847,502539,1
7487,502540,1
521,502541,1
5889,502542,1
5890,502543,1
19165,502544,1
5893,502545,1
5894,502546,1
19178,502547,1
5899,502548,1
8841,502549,1
6507,502550,1
5902,502551,1
6508,502552,1
13179,502553,1
5905,502554,1
19597,502555,1
19471,502556,1
20724,502557,1
19522,502558,1
21015,502559,1
19744,502560,1
19607,502561,1
5913,502562,1
5914,502563,1
19599,502564,1
5916,502565,1
6535,502566,1
5918,502567,1
5919,502568,1
5920,502569,1
19286,502570,1
20099,502571,1
7874,502572,1
5926,502573,1
5928,502574,1
5929,502575,1
5930,502576,1
5931,502577,1
7319,502578,1
7559,502579,1
18474,508921,1
5935,502581,1
9459,502582,1
5937,502583,1
5938,502584,1
9571,502585,1
5940,502586,1
6511,502587,1
5941,502588,1
5942,502589,1
5943,502590,1
5944,502591,1
6514,502592,1
6515,502593,1
6516,502594,1
6517,502595,1
5949,502596,1
5950,502597,1
5951,502598,1
6518,502599,1
6519,502600,1
6520,502601,1
6521,502602,1
6523,502603,1
6525,502604,1
21027,502605,1
5961,502606,1
6527,502607,1
20134,502608,1
6529,502609,1
21172,502610,1
6531,502611,1
6532,502612,1
5968,502613,1
5970,502614,1
5971,502615,1
5972,502616,1
10186,502617,1
10309,502618,1
599,502619,1
20698,502620,1
5978,502621,1
7499,502622,1
14172,502623,1
17565,502624,1
6412,502625,1
6414,502626,1
6422,502627,1
7992,502628,1
20183,502629,1
7456,502630,1
6432,502631,1
612,502632,1
9595,502633,1
6436,502634,1
9401,502635,1
616,502636,1
9628,502637,1
13264,502638,1
15599,502639,1
7774,502640,1
9804,502641,1
622,502642,1
623,502643,1
6109,502644,1
625,502645,1
626,502646,1
6216,502647,1
6234,502648,1
6323,502653,1
7393,502654,1
6324,502655,1
5092,502656,1
17077,502657,1
634,502658,1
7260,502659,1
6330,502661,1
6332,502662,1
3204,502663,1
6333,502664,1
6334,502665,1
4257,502666,1
20673,502667,1
18588,502668,1
4159,502669,1
4160,502670,1
4161,502671,1
17843,502672,1
648,502673,1
649,502674,1
650,502675,1
4164,502676,1
652,502677,1
5858,502678,1
654,502679,1
655,502680,1
4167,502681,1
657,502682,1
658,502683,1
659,502684,1
660,502685,1
661,502686,1
662,502687,1
6335,502688,1
664,502689,1
665,502690,1
4169,502691,1
667,502692,1
668,502693,1
4171,502694,1
670,502695,1
671,502696,1
672,502697,1
673,502698,1
6336,502699,1
675,502700,1
4172,502701,1
4173,502702,1
4174,502703,1
4176,502704,1
680,502705,1
4177,502706,1
682,502707,1
4179,502708,1
684,502709,1
6341,502711,1
6342,502712,1
21113,502713,1
9416,502714,1
17657,502715,1
6346,502716,1
17242,502717,1
7132,502720,1
10320,502721,1
4326,502722,1
7137,502723,1
696,502724,1
15744,502726,1
11805,502727,1
20416,502728,1
20440,502750,1
20485,502780,1
6896,502781,1
7286,502782,1
6882,502784,1
6879,502785,1
6838,502786,1
21065,502787,1
21085,502788,1
6625,502789,1
6215,502791,1
6209,502792,1
10993,502793,1
3414,502794,1
6125,502795,1
6124,502796,1
6123,502797,1
6121,502798,1
6120,502799,1
6021,502800,1
19150,502801,1
21187,502802,1
21176,502803,1
15682,502804,1
6017,502806,1
4412,502808,1
4411,502809,1
11894,502810,1
6534,502811,1
11898,502812,1
4848,502813,1
6003,502814,1
19141,502815,1
11957,502816,1
18729,503000,1
5731,503001,1
17672,503002,1
6407,503003,1
7438,503004,1
20703,503005,1
20699,503006,1
9480,503007,1
20700,503008,1
20708,503009,1
6011,503010,1
6012,503011,1
16087,503012,1
6418,503013,1
7402,503014,1
21168,503015,1
6423,503016,1
19539,503017,1
6425,503018,1
753,503019,1
20704,503020,1
8350,503021,1
756,503022,1
6428,503023,1
9140,507156,24
9633,503025,1
17234,503026,1
6325,503027,1
20478,503028,1
17804,503029,1
4682,503030,1
17470,503031,1
5560,503032,1
20924,503033,1
5895,503034,1
5923,503035,1
7441,503036,1
6533,503037,1
20707,503038,1
8538,503039,1
10288,503040,1
6039,503041,1
10951,503042,1
3268,503043,1
13221,503044,1
10294,503045,1
10295,503046,1
19603,503047,1
782,503048,1
17815,503049,1
6434,503050,1
785,503051,1
6898,503053,1
6877,503054,1
11819,503055,1
6020,503056,1
6179,503057,1
20863,503058,1
20132,503059,1
793,503060,1
794,503061,1
795,503062,1
796,503063,1
6551,503064,1
10323,503065,1
13317,503066,1
13318,503067,1
13249,503068,1
4250,503069,1
803,503070,1
20348,503071,1
20316,503073,1
20359,503077,1
6858,503081,1
13089,503084,1
4861,503085,1
3732,503086,1
20846,503087,1
7019,503090,1
7091,503094,1
4308,503095,1
7145,503096,1
20691,503097,1
6724,503099,1
17241,503100,1
6611,503101,1
9049,503102,1
17849,503103,1
7439,503104,1
6305,503105,1
15901,503106,1
17826,503107,1
19157,503108,1
19176,503109,1
19177,503110,1
4859,503111,1
4858,503112,1
11810,503113,1
21185,503114,1
833,503115,1
834,503116,1
835,503117,1
20692,503118,1
6102,503119,1
838,503120,1
20693,503121,1
840,503122,1
841,503123,1
3450,503124,1
6063,503125,1
844,503126,1
845,503127,1
846,503128,1
20697,503129,1
6049,503130,1
849,503131,1
850,503132,1
851,503133,1
7771,503134,1
8561,503135,1
854,503136,1
6046,503137,1
856,503138,1
7206,503139,1
10300,503140,1
9362,503141,1
860,503142,1
10296,503143,1
21177,503144,1
6435,503145,1
864,503146,1
6522,503147,1
21049,503149,1
21155,503150,1
6203,503151,1
18372,503152,1
17809,503153,1
6181,503154,1
11834,503155,1
19440,503156,1
20461,503157,1
19640,503158,1
19220,503159,1
9339,503160,1
4261,503162,1
4262,503163,1
20283,503164,1
20284,503165,1
9630,503166,1
20294,503167,1
20295,503168,1
20299,503169,1
20300,503170,1
21064,503172,1
20302,503173,1
20303,503175,1
20310,503176,1
21081,503178,1
20323,503179,1
20326,503180,1
20329,503181,1
20286,503183,1
20285,503184,1
20306,503185,1
20322,503186,1
20318,503188,1
20327,503191,1
4317,503194,1
20333,503199,1
20328,503200,1
21056,503201,1
20298,503202,1
16166,503203,1
20331,503204,1
20332,503205,1
20368,503206,1
20287,503207,1
20290,503208,1
20288,503211,1
20291,503212,1
20292,503213,1
20293,503214,1
20305,503215,1
20307,503216,1
20308,503217,1
20309,503218,1
20311,503219,1
20312,503220,1
20313,503221,1
20314,503222,1
20315,503223,1
20320,503226,1
20319,503228,1
20321,503229,1
20324,503230,1
20325,503231,1
20389,503232,1
20706,503234,1
20334,503236,1
20336,503237,1
20337,503238,1
20335,503239,1
20338,503240,1
20339,503241,1
20842,503242,1
20341,503243,1
20342,503244,1
20343,503245,1
20344,503246,1
20345,503247,1
20346,503248,1
20352,503250,1
20353,503251,1
20354,503253,1
20355,503257,1
20356,503259,1
20357,503260,1
20358,503261,1
20360,503262,1
20361,503263,1
20362,503264,1
20364,503265,1
20365,503267,1
20366,503271,1
17943,503272,1
20369,503273,1
20370,503274,1
20371,503276,1
20373,503277,1
20374,503278,1
964,503279,1
965,503280,1
19173,503281,1
19200,503282,1
17961,503284,1
17658,503285,1
6845,503286,1
971,503287,1
6846,503290,1
973,503293,1
17945,503295,1
17944,503296,1
8406,503297,1
8412,503299,1
6847,503302,1
17951,503303,1
8410,503304,1
21101,503305,1
20347,503309,1
20349,503310,1
20350,503311,1
20351,503312,1
20375,503315,1
20378,503316,1
20379,503318,1
20376,503319,1
8419,503320,1
20866,503321,1
20380,503322,1
20381,503323,1
20383,503324,1
20382,503325,1
8418,503327,1
3381,503328,4
998,503330,1
999,503331,1
4264,503333,1
19990,503334,1
8415,503337,1
17954,503338,1
11767,503339,1
1005,503343,1
17956,503345,1
6842,503348,1
20451,503349,1
20452,503350,1
20453,503351,1
20431,503352,1
20432,503353,1
20433,503354,1
20434,503355,1
20435,503356,1
20437,503357,1
20439,503358,1
20444,503359,1
20445,503360,1
20446,503361,1
20447,503362,1
20450,503363,1
20418,503365,1
20420,503366,1
20422,503367,1
20425,503368,1
20426,503369,1
20427,503370,1
20705,503371,1
1030,503372,1
20477,503374,1
20484,503375,1
20483,503376,1
20482,503377,1
20481,503378,1
20480,503379,1
20472,503380,1
20471,503381,1
20470,503382,1
20455,503383,1
20466,503384,1
20465,503385,1
20464,503386,1
20463,503387,1
20436,503388,1
20430,503389,1
20429,503390,1
20424,503391,1
20423,503392,1
20419,503393,1
20417,503394,1
20438,503395,1
20467,503396,1
20468,503397,1
20796,503398,1
20462,503399,1
20476,503400,1
20441,503401,1
1059,503402,1
20304,503404,1
17873,503405,1
13079,503406,1
19179,503407,1
21048,503408,1
19156,503409,1
4268,503413,1
6849,503414,1
17950,503416,1
8398,503417,1
6850,503418,1
17957,503419,1
17955,503421,1
8408,503422,1
8407,503423,1
17959,503424,1
8548,503427,1
17960,503431,1
8392,503436,1
19828,503437,1
17958,503438,1
10138,503439,1
8394,503440,1
21114,503441,1
8388,503442,1
8393,503443,1
1086,503445,1
4271,503446,1
5168,503447,1
6856,503448,1
6857,503449,1
17947,503451,1
17953,503452,1
1093,503454,1
6859,503456,1
6866,503460,1
6867,503461,1
6868,503462,1
17952,503465,1
19111,503466,1
19116,503467,1
19420,503468,1
19421,503469,1
19436,503470,1
19480,503471,1
16546,503472,1
17185,503473,1
9973,503474,1
1108,503475,1
1109,503476,1
6864,503477,1
6865,503479,1
6352,503482,1
16045,503483,1
21197,503484,1
1115,503485,1
6861,503486,1
1117,503488,1
1118,503490,1
4276,503494,1
4277,503496,1
1121,503497,1
1122,503498,1
8386,503501,1
8384,503502,1
1125,503503,1
1126,503506,1
20639,503508,1
1128,503512,1
1129,503513,1
5674,503515,1
8382,503516,1
8546,503517,1
6356,503519,1
1134,503520,1
9293,503521,1
9292,503522,1
1137,503523,1
1138,503524,1
1139,503525,1
6860,503526,1
1141,503527,1
4280,503528,1
8378,503531,1
4282,503533,1
6863,503534,1
1146,503536,1
6349,503539,1
6350,503540,1
1149,503541,1
1150,503543,1
1151,503544,1
6988,503545,1
6989,503547,1
7002,503548,1
9460,503549,1
5073,503551,1
5074,503552,1
18884,503554,1
6999,503555,1
7000,503556,1
7003,503557,1
7004,503558,1
7005,503559,1
7006,503560,1
16808,503562,1
13083,503563,1
9678,503564,1
9679,503565,1
18886,503566,1
1170,503567,1
6991,503568,1
21102,503569,1
7289,503570,1
18568,503572,1
18591,503573,1
18596,503574,1
19198,503575,1
4291,503577,1
6993,503579,1
6994,503580,1
6995,503583,1
1182,503584,1
1183,503585,1
8376,503587,1
6986,503588,1
1186,503590,1
1187,503593,1
1188,503594,1
6657,503595,1
6655,503596,1
4286,503597,1
1192,503601,1
18888,503603,1
7227,503604,1
9553,503606,1
18789,503609,1
4123,503610,1
5072,503611,1
18801,503612,1
18594,503614,1
18608,503615,1
7581,503616,1
18820,503617,1
16169,503618,1
4124,503620,1
18592,503621,1
18595,503622,1
18790,503624,1
7580,503626,1
19261,503628,1
18582,503629,1
18590,503630,1
18870,503631,1
18860,503632,1
17671,503633,1
7012,503634,1
7013,503642,1
7014,503643,1
7015,503644,1
1220,503646,1
7016,503647,1
20804,503648,1
6675,503649,1
18611,503650,1
18613,503651,1
5101,503652,1
18579,503653,1
18580,503654,1
18610,503655,1
6676,503656,1
8421,503657,1
7020,503658,1
18636,503659,1
18637,503660,1
5220,503661,1
7021,503662,1
7022,503663,1
6682,503664,1
18614,503665,1
1240,503666,1
18612,503668,1
18640,503669,1
5123,503670,1
5125,503671,1
18633,503672,1
6678,503673,1
4299,503674,1
20456,503676,1
18887,503677,1
17831,503678,1
5042,503679,1
5045,503680,1
18567,503681,1
10985,503682,1
5054,503683,1
18603,503684,1
18615,503685,1
5058,503686,1
5061,503687,1
18632,503688,1
18663,503689,1
18766,503690,1
5065,503691,1
18785,503692,1
18889,503693,1
5077,503694,1
15610,503695,1
18642,503696,1
5224,503697,1
18643,503698,1
5227,503699,1
5230,503700,1
5231,503701,1
18647,503702,1
5235,503703,1
5236,503704,1
18660,503705,1
18664,503706,1
18797,503707,1
18665,503708,1
5244,503709,1
18563,503710,1
18564,503711,1
16096,503712,1
18565,503713,1
18666,503714,1
18667,503715,1
18792,503716,1
18548,503717,1
18551,503718,1
18555,503719,1
18559,503720,1
18560,503721,1
18576,503722,1
16094,503723,1
18562,503724,1
5279,503725,1
5280,503726,1
18589,503727,1
1300,503728,1
1301,503729,1
1302,503730,1
1303,503731,1
1304,503732,1
1305,503733,1
1306,503734,1
5927,503735,1
17832,503736,1
18597,503737,1
10984,503738,1
18620,503739,1
18593,503740,1
18601,503741,1
18602,503742,1
18604,503743,1
18605,503744,1
18645,503745,1
18814,503746,1
5282,503747,1
5284,503748,1
18799,503749,1
18806,503750,1
18803,503751,1
18804,503752,1
18808,503753,1
18810,503754,1
18819,503755,1
7584,503756,1
7590,503757,1
18858,503758,1
7579,503759,1
18825,503760,1
18862,503761,1
18829,503762,1
18798,503763,1
18659,503764,1
5304,503765,1
5305,503766,1
5306,503767,1
9129,503768,1
18813,503769,1
5309,503770,1
5310,503771,1
9533,503772,1
9091,503773,1
5315,503774,1
5316,503775,1
5317,503776,1
5319,503777,1
5320,503778,1
7284,503779,1
18873,503780,1
16167,503781,1
20317,503782,1
5221,503783,1
6679,503784,1
20479,503788,1
19815,503789,1
5053,503790,1
18650,503791,1
15722,503792,1
17810,503793,1
1363,503794,1
1364,503795,1
17244,503796,1
18787,503797,1
18805,503798,1
18874,503799,1
18861,503800,1
5088,503801,1
10982,503802,1
18859,503803,1
18634,503804,1
18641,503805,1
18644,503806,1
18646,503807,1
18876,503808,1
7023,503810,1
7024,503811,1
7025,503812,1
7026,503813,1
7027,503814,1
7028,503815,1
18648,503816,1
16097,503817,1
19260,503818,1
18561,503819,1
18807,503820,1
18815,503821,1
18824,503822,1
18826,503823,1
3730,503824,1
6331,503825,1
6122,503826,1
4855,503827,1
4857,503828,1
1397,503829,1
1398,503830,1
1399,503831,1
1400,503833,1
21080,503837,1
5898,503838,1
21175,503839,1
20878,503840,1
17971,503841,1
7052,503843,1
7050,503845,1
7051,503846,1
1409,503848,1
1410,503850,1
6703,503852,1
7045,503854,1
4798,503855,1
18830,503856,1
6329,503857,1
1416,503858,1
1417,503862,1
1418,503864,1
1419,503866,1
1420,503867,1
7047,503868,1
6705,503869,1
1423,503870,1
7350,503871,1
7049,503872,1
12292,503876,1
21136,503877,1
7029,503878,1
10283,503880,1
6689,503881,1
7030,503882,1
17659,503883,1
7031,503884,1
6693,503885,1
7032,503887,1
20810,503888,1
7034,503889,1
7037,503890,1
19816,503892,1
7044,503894,1
8390,503895,1
7035,503896,1
6697,503897,1
7043,503898,1
7036,503899,1
7041,503900,1
4302,503901,1
7039,503902,1
7040,503903,1
20475,503904,1
5974,503905,1
21127,503906,1
20876,503907,1
6894,503908,1
6895,503909,1
19248,503910,1
15689,503911,1
19249,503912,1
19250,503913,1
9898,503914,1
7053,503915,1
7054,503916,1
7055,503917,1
7056,503918,1
21066,503919,1
1466,503920,1
7061,503921,1
7062,503922,1
7063,503923,1
7059,503924,1
7060,503925,1
7066,503926,1
7067,503927,1
19743,503928,1
9629,503929,1
7070,503930,1
7071,503931,1
7072,503932,1
7069,503933,1
7075,503934,1
7073,503935,1
7074,503936,1
1483,503937,1
11896,503938,1
13182,503939,1
16175,503948,1
7467,503972,1
1488,503973,1
20688,503974,1
7532,503976,1
7531,503978,1
7501,503979,1
7092,503981,1
7090,503986,1
7089,503987,1
20802,503988,1
7087,503989,1
20296,503990,1
7076,503991,1
7077,503992,1
7079,503993,1
7080,503994,1
7078,503995,1
7081,503996,1
7082,503997,1
10987,503998,1
20799,503999,1
7085,504000,1
20821,504001,1
19848,504002,1
7094,504003,1
1512,504004,1
7095,504005,1
7096,504006,1
20457,504007,1
9522,504008,1
17808,504009,1
11695,504010,1
1519,504011,1
20391,504012,1
11783,504013,1
7008,504014,1
6998,504015,1
6997,504016,1
7177,504017,1
15692,504018,1
11794,504019,1
11757,504020,1
11701,504021,1
7165,504022,1
19605,504023,1
7167,504024,1
11786,504025,1
11764,504026,1
11688,504027,1
11773,504028,1
20808,504029,1
11797,504031,1
11697,504033,1
19540,504034,1
21126,504035,1
21016,504036,1
19506,504037,1
7158,504038,1
11768,504039,1
11705,504041,1
7449,504042,1
20384,504043,1
19945,504044,1
1550,504045,1
7168,504046,1
1552,504047,1
11784,504048,1
20386,504049,1
11700,504050,1
11689,504051,1
7143,504052,1
20390,504053,1
11747,504054,1
8429,504055,1
20385,504056,1
19612,504057,1
20473,504058,1
16113,504060,1
1565,504061,1
4856,504062,1
1567,504063,1
18989,504064,1
1569,504065,1
18904,504066,1
20394,504067,1
20387,504068,1
20393,504069,1
19069,504070,1
20289,504071,1
7530,504072,1
1577,504073,1
1578,504074,1
7413,504075,1
7482,504076,1
6873,504077,1
6872,504078,1
6871,504079,1
6870,504080,1
6987,504081,1
7529,504082,1
7098,504083,1
6874,504084,1
7411,504085,1
6875,504086,1
7436,504087,1
7116,504088,1
1593,504089,1
21195,504090,1
7528,504091,1
7118,504092,1
1597,504093,1
7099,504094,1
7421,504095,1
16168,504096,1
4294,504097,1
7102,504098,1
7007,504099,1
7093,504100,1
7483,504101,1
20392,504102,1
7100,504103,1
7103,504104,1
1609,504105,1
7104,504106,1
17238,504107,1
1612,504108,1
7527,504109,1
7119,504110,1
7134,504111,1
9150,504112,1
1617,504113,1
7148,504114,1
1619,504115,1
17660,504116,1
11752,504117,1
11788,504118,1
1623,504119,1
3338,504120,4
7491,504121,1
6201,504122,1
6197,504123,1
6200,504124,1
6199,504125,1
6191,504126,1
1631,504127,1
4391,504128,1
6193,504129,1
6192,504130,1
6190,504131,1
4389,504132,1
4390,504133,1
6189,504134,1
1639,504135,1
6186,504136,1
6188,504137,1
6187,504138,1
1643,504139,1
6182,504140,1
6185,504141,1
6184,504142,1
6262,504143,1
1648,504144,1
6264,504145,1
6263,504146,1
19170,504147,1
18852,504148,1
19313,504149,1
1654,504150,1
1655,504151,1
1656,504152,1
1657,504153,1
4852,504154,1
18851,504155,1
3388,504156,1
3382,504157,1
3383,504158,1
3386,504159,1
3384,504160,1
3387,504161,1
1666,504162,1
4384,504163,1
6248,504164,1
6249,504165,1
6246,504166,1
6261,504167,1
6260,504168,1
6259,504169,1
6258,504170,1
6257,504171,1
6256,504172,1
6255,504173,1
6254,504174,1
6253,504175,1
1680,504176,1
1681,504177,1
1682,504178,1
1683,504179,1
6251,504180,1
6250,504181,1
20154,504182,1
6252,504183,1
7239,504184,1
6211,504185,1
1690,504186,1
6213,504187,1
1692,504188,1
19070,504189,1
6207,504190,1
6208,504191,1
6205,504192,1
19071,504193,1
19075,504194,1
19078,504195,1
19080,504196,1
19086,504197,1
19092,504198,1
17320,504199,1
17324,504200,1
17321,504201,1
17322,504202,1
17323,504203,1
17325,504204,1
6204,504205,1
1710,504206,1
6723,504208,1
6722,504209,1
6721,504210,1
1714,504211,1
6720,504212,1
1716,504213,1
6719,504214,1
4821,504215,1
6715,504216,1
6714,504217,1
7156,504218,1
1722,504219,1
5558,504220,1
6829,504221,1
17336,504222,1
6825,504223,1
6758,504224,1
17744,504225,1
17709,504226,1
6827,504227,1
19094,504228,1
6840,504229,1
17701,504230,1
5324,504237,1
5323,504238,1
6717,504239,1
6718,504240,1
20828,504243,1
6712,504244,1
6711,504245,1
6710,504246,1
6709,504247,1
1743,504248,1
6706,504249,1
6664,504250,1
6672,504251,1
6662,504252,1
7520,504253,1
1749,504254,1
6651,504255,1
6650,504256,1
1752,504257,1
16980,504258,1
6648,504259,1
11821,504260,1
6647,504261,1
1757,504262,1
6646,504263,1
6645,504264,1
6660,504265,1
1761,504266,1
6656,504267,1
7440,504268,1
20458,504269,1
6654,504270,1
1766,504271,1
6644,504272,1
7458,504273,1
6643,504274,1
1770,504275,1
1771,504276,1
1772,504277,1
19105,504278,1
6640,504279,1
7533,504280,1
19100,504281,1
3411,504282,1
6631,504283,1
6638,504284,1
19112,504285,1
1781,504286,1
6637,504287,1
6634,504288,1
6633,504289,1
1785,504290,1
6630,504291,1
6635,504292,1
1788,504293,1
6636,504294,1
6632,504295,1
1791,504296,1
7408,504297,1
7475,504298,1
6622,504299,1
6626,504300,1
6629,504301,1
6624,504302,1
1798,504303,1
6628,504305,1
6623,504306,1
19118,504308,1
19097,504309,1
19388,504310,1
1804,504311,1
7409,504312,1
1806,504313,1
6618,504314,1
1808,504315,1
6614,504316,1
6616,504317,1
6615,504318,1
6617,504319,1
1813,504320,1
6620,504321,1
1815,504322,1
18936,504323,1
1817,504324,1
1818,504325,1
6613,504326,1
6612,504327,1
1821,504328,1
1822,504329,1
19418,504331,1
19429,504332,1
20191,507347,1
19437,504334,1
19447,504335,1
19449,504336,1
6364,504337,1
1830,504338,1
1831,504339,1
6363,504340,1
6362,504341,1
6361,504342,1
6360,504343,1
7424,504344,1
1837,504345,1
1838,504346,1
1839,504347,1
17698,504348,1
19451,504362,1
21152,504363,1
21171,504364,1
3922,504365,1
21160,504366,1
21164,504367,1
6503,504368,1
21159,504369,1
4032,504370,1
4037,504371,1
19610,504372,1
19450,504373,1
21173,504374,1
3915,504375,1
6316,504376,1
1856,504377,1
1857,504378,1
6495,504379,1
6496,504380,1
1860,504381,1
1861,504382,1
4042,504383,1
11680,504384,1
11593,504385,1
6498,504386,1
21169,504387,1
6499,504388,1
11675,504389,1
11671,504390,1
21179,504391,1
11664,504392,1
11627,504393,1
21182,504394,1
1874,504395,1
11657,504396,1
11652,504397,1
11654,504398,1
11653,504399,1
11659,504400,1
11658,504401,1
17970,504402,1
3937,504403,1
11626,504404,1
11624,504405,1
11618,504406,1
1886,504407,1
21037,504408,1
21180,504409,1
11611,504410,1
11615,504411,1
4030,504412,1
11607,504413,1
4028,504414,1
11598,504415,1
11605,504416,1
4031,504417,1
1897,504418,1
11613,504419,1
1899,504420,1
11595,504421,1
1901,504422,1
11592,504423,1
11587,504424,1
1904,504425,1
1905,504426,1
11601,504427,1
21103,504428,1
11577,504429,1
11585,504430,1
8295,504431,1
1911,504432,1
1912,504433,1
1913,504434,1
1914,504435,1
1915,504436,1
11574,504437,1
11571,504438,1
19455,504440,1
1919,504441,1
7429,504442,1
11569,504443,1
11547,504444,1
1923,504445,1
4041,504446,1
1925,504447,1
7453,504448,1
8296,504449,1
11543,504450,1
1929,504470,1
4044,504471,1
11683,504472,1
1932,504473,1
4045,504474,1
11539,504475,1
11538,504476,1
11681,504477,1
11629,504478,1
1938,504479,1
1939,504480,1
1940,504481,1
1941,504482,1
21181,504483,1
4197,504485,1
1944,504486,1
1945,504487,1
5939,504488,1
20474,504489,1
19227,504491,1
20122,504492,1
17319,504493,1
11640,504494,1
11666,504495,1
1953,504496,1
11673,504497,1
11638,504498,1
7498,504499,1
11631,504500,1
1958,504501,1
11583,504503,1
11580,504504,1
11545,504505,1
11685,504506,1
1963,504507,1
11576,504508,1
1965,504509,1
11581,504510,1
16063,504529,1
6304,504530,1
19297,504532,1
5025,504533,1
6544,504534,1
1972,504535,1
1973,504536,1
1974,504537,1
1975,504538,1
1976,504539,1
1977,504540,1
6315,504542,1
6313,504543,1
1980,504544,1
1981,504545,1
20459,504549,1
5896,504551,1
6574,504552,1
11229,504553,1
1986,504556,1
1987,504558,1
1988,504559,1
1989,504560,1
6312,504561,1
9519,504562,1
1992,504563,1
1993,504564,1
1994,504569,1
6311,504570,1
1996,504571,1
1997,504574,1
1998,504575,1
1999,504576,1
2000,504577,1
2001,504578,1
6308,504579,1
19685,504580,1
19684,504581,1
5016,504582,1
5033,504583,1
2007,504584,1
2008,504585,1
2009,504586,1
2010,504587,1
6358,504588,1
2012,504589,1
6318,504590,1
4194,504591,1
19756,504592,1
6006,504593,1
19457,504594,1
19473,504595,1
19476,504596,1
19478,504597,1
18658,504598,1
19647,504600,1
19542,504601,1
19497,504602,1
20050,504604,1
12906,504605,1
20051,504606,1
2028,504617,1
9606,506990,1
2030,504619,1
20244,504620,1
16586,504621,1
20938,504622,1
2034,504623,1
17247,504624,1
21178,504625,1
2037,504626,1
5997,504627,1
21104,504628,1
4403,504629,1
7109,504630,1
6152,504631,1
2043,504632,1
6000,504633,1
17655,504634,1
2046,504635,1
6001,504636,1
18857,504637,1
2049,504638,1
2050,504639,1
16061,504640,1
18853,504641,1
18854,504642,1
2054,504643,1
4166,504644,1
12000,504645,1
2057,504646,1
6326,504647,1
2059,504648,1
2060,504649,1
2061,504650,1
2062,504651,1
2063,504652,1
2064,504653,1
2065,504654,1
12975,504655,1
20199,504656,1
2068,504659,1
2069,504660,1
2070,504661,1
2071,504662,1
20188,504674,1
20973,504675,1
19445,504676,1
5325,504677,1
5326,504678,1
5327,504679,1
5329,504681,1
5330,504682,1
5457,504683,1
5386,504684,1
5387,504685,1
5390,504686,1
5458,504687,1
5459,504688,1
5398,504689,1
5401,504690,1
13370,504691,1
2089,504692,1
2090,504693,1
13357,504694,1
5405,504695,1
5407,504698,1
5885,504700,1
13773,505261,1
13284,505262,1
17387,505275,1
17462,505289,1
17463,505290,1
6222,505291,1
3357,505292,1
6223,505293,1
17464,505294,1
17465,505295,1
6226,505296,1
17467,505297,1
17468,505298,1
13283,505299,1
17345,505300,1
13280,505301,1
13279,505302,1
9404,505342,1
17343,505436,1
4241,505447,1
6176,505448,1
13946,505455,1
6051,505456,1
6052,505458,1
6053,505459,1
7272,505460,1
17418,505461,1
6056,505462,1
6057,505463,1
6058,505464,1
6059,505465,1
7564,505466,1
8403,505499,1
6086,505500,1
17426,505501,1
14108,505502,1
17421,505503,1
7775,505504,1
17422,505505,1
17423,505506,1
17424,505509,1
17425,505510,1
8161,505511,1
12282,505512,1
17430,505513,1
8163,505514,1
17427,505515,1
14117,505516,1
6088,505517,1
5429,505518,1
17428,505519,1
8165,505520,1
8364,505521,1
2148,505523,1
14119,505524,1
17429,505525,1
2151,505567,1
6083,505610,1
8433,505611,1
8172,505618,1
17419,505619,1
13905,505620,1
6064,505621,1
17420,505622,1
6066,505623,1
13935,505642,1
13936,505643,1
7996,505644,1
17471,505645,1
17472,505646,1
6232,505647,1
6233,505648,1
20056,505649,1
6237,505650,1
6552,505651,1
19997,505652,1
17477,505654,1
9445,505655,1
10277,505656,1
10276,505657,1
6177,505702,1
19994,505703,1
6440,505704,1
6178,505705,1
6050,505706,1
14107,505707,1
7442,505708,1
6068,505709,1
8250,505710,1
6069,505711,1
6070,505712,1
13243,505713,1
13242,505714,1
7264,505715,1
6071,505716,1
6072,505717,1
17674,505718,1
6074,505719,1
17431,505720,1
6093,505721,1
17432,505722,1
13937,505723,1
8166,505724,1
17433,505725,1
17434,505726,1
19604,505727,1
17435,505728,1
17436,505729,1
17437,505730,1
17438,505731,1
5432,505732,1
13774,505733,1
8366,505734,1
8437,505735,1
17439,505736,1
14124,505737,1
17440,505738,1
8368,505739,1
17441,505740,1
6106,505741,1
17442,505742,1
17443,505743,1
7228,505744,1
17444,505745,1
17445,505746,1
17446,505747,1
17447,505748,1
17448,505749,1
18011,505750,1
14147,505751,1
17449,505752,1
18014,505753,1
15697,505754,1
6117,505755,1
17450,505756,1
6153,505757,1
6154,505758,1
17452,505759,1
6156,505760,1
5862,505761,1
17453,505762,1
6158,505763,1
17454,505764,1
8155,505765,1
8154,505766,1
9337,505767,1
6162,505768,1
8556,505769,1
6163,505770,1
17455,505771,1
17456,505772,1
5861,505773,1
6175,505774,1
2248,505775,1
17457,505776,1
5431,505777,1
6167,505778,1
6168,505779,1
19986,505780,1
6170,505781,1
17459,505782,1
6172,505783,1
17460,505784,1
17461,505785,1
8266,505786,1
6218,505787,1
13720,505788,1
6219,505789,1
6243,505791,1
6244,505792,1
19991,505795,1
2266,505808,1
13263,505823,1
6826,505845,1
7586,505847,1
7587,505848,1
17743,505849,1
7422,505850,1
6737,505851,1
13417,505852,1
6736,505853,1
6735,505854,1
6757,506065,1
6756,506066,1
13415,506067,1
6755,506068,1
6754,506069,1
17738,506070,1
6751,506071,1
6750,506072,1
17740,506073,1
6748,506074,1
6752,506075,1
17742,506076,1
13416,506077,1
6742,506078,1
6734,506079,1
6733,506080,1
7183,506081,1
6731,506082,1
13418,506083,1
6745,506114,1
6814,506115,1
6813,506116,1
6812,506117,1
6811,506118,1
6810,506119,1
6818,506120,1
6808,506121,1
17735,506122,1
6806,506123,1
6805,506126,1
6804,506129,1
6802,506130,1
6800,506132,1
6819,506133,1
8796,506135,1
6798,506136,1
6797,506137,1
6796,506138,1
6795,506139,1
6794,506140,1
6793,506141,1
6792,506142,1
17736,506143,1
6790,506144,1
6789,506145,1
6788,506146,1
6787,506147,1
6786,506148,1
17737,506149,1
14099,506150,1
7178,506151,1
7179,506152,1
9369,506153,1
13854,506154,1
6783,506155,1
6782,506156,1
7180,506157,1
6780,506158,1
6779,506159,1
13856,506160,1
6778,506161,1
6777,506162,1
6776,506163,1
13412,506164,1
7320,506165,1
6775,506166,1
13413,506167,1
6773,506168,1
6771,506169,1
6770,506170,1
7321,506171,1
6769,506172,1
6768,506173,1
6767,506174,1
6766,506175,1
13405,506176,1
6765,506177,1
6763,506178,1
13406,506179,1
6761,506180,1
6760,506181,1
6759,506182,1
13414,506183,1
13399,506184,1
7451,506185,1
6729,506186,1
6728,506187,1
13408,506188,1
13360,506189,1
7593,506191,1
6824,506200,1
6823,506202,1
6822,506203,1
6821,506204,1
6820,506206,1
6815,506207,1
20202,506211,1
20965,506212,1
20232,506213,1
16604,506218,1
18958,506219,1
2378,506220,1
20859,506221,1
20237,506222,1
21170,506223,1
20238,506225,1
19061,506226,1
18834,506227,1
18835,506229,1
18968,506230,1
18969,506231,1
18970,506232,1
6002,506238,1
4693,506239,1
4849,506240,1
4850,506241,1
2393,506242,1
20048,506243,1
19235,506989,1
17816,506988,1
2397,506247,1
6369,506248,1
11925,506249,1
11967,506250,1
11971,506251,1
11977,506252,1
11979,506253,1
11981,506254,1
11983,506255,1
11987,506256,1
11920,506257,1
11918,506258,1
11914,506259,1
11912,506260,1
11910,506261,1
11908,506262,1
11906,506263,1
11993,506264,1
11922,506265,1
11923,506266,1
11927,506267,1
11929,506268,1
11933,506269,1
11935,506270,1
11916,506273,1
11931,506274,1
11943,506275,1
11947,506276,1
11959,506277,1
11961,506278,1
11969,506279,1
11985,506280,1
11989,506281,1
11991,506282,1
11965,506283,1
11994,506284,1
11995,506285,1
11941,506286,1
11951,506287,1
11953,506288,1
12915,506289,1
6300,506290,1
6299,506291,1
19144,506292,1
6594,506294,1
6301,506295,1
6296,506297,1
6295,506298,1
7410,506299,1
7445,506300,1
2447,506301,1
2448,506302,1
2449,506303,1
2450,506304,1
6024,506305,1
11939,506306,1
11937,506307,1
11963,506308,1
11945,506309,1
11955,506310,1
11949,506311,1
2458,506312,1
13981,506313,1
7479,506314,1
21163,506315,1
21166,506316,1
2463,506317,1
2464,506318,1
21128,506319,1
2466,506320,1
2467,506321,1
21154,506322,1
19993,506323,1
2470,506324,1
21161,506325,1
2472,506326,1
2473,506327,1
19627,506328,1
2475,506329,1
2476,506330,1
21165,506331,1
2478,506332,1
21186,506333,1
2480,506334,1
2481,506335,1
2482,506336,1
2483,506337,1
4847,506338,1
6468,506339,1
6469,506340,1
20052,506341,1
2488,506342,1
21174,506343,1
6472,506344,1
6473,506345,1
4377,506346,1
17669,506347,1
2494,506348,1
2495,506349,1
6289,506350,1
6288,506351,1
2498,506352,1
2499,506353,1
2500,506354,1
7457,506355,1
2502,506356,1
4379,506357,1
2504,506358,1
2505,506359,1
6286,506360,1
2507,506361,1
2508,506362,1
2509,506363,1
2510,506364,1
6287,506365,1
2512,506366,1
7435,506367,1
6079,506368,1
6080,506369,1
6801,506370,1
6285,506371,1
2518,506372,1
2519,506373,1
2520,506374,1
2521,506375,1
2522,506376,1
2523,506377,1
2524,506379,1
2525,506380,1
6284,506381,1
2527,506382,1
6282,506383,1
2529,506384,1
2530,506385,1
4425,506386,1
7419,506387,1
2533,506388,1
2534,506389,1
6280,506390,1
6283,506391,1
2537,506392,1
6279,506393,1
2539,506394,1
6278,506395,1
2541,506396,1
4381,506397,1
2543,506398,1
2544,506399,1
2545,506400,1
9521,506401,1
2547,506402,1
6274,506403,1
2549,506404,1
2550,506405,1
7454,506406,1
2552,506407,1
19331,506408,1
6270,506409,1
7464,506410,1
2556,506411,1
6268,506412,1
2558,506413,1
20460,506414,1
6267,506415,1
2561,506416,1
2562,506417,1
2563,506418,1
2564,506419,1
2565,506420,1
6266,506421,1
2567,506422,1
2568,506423,1
2569,506424,1
6265,506425,1
2571,506426,1
4393,506427,1
18693,506428,1
4394,506429,1
17803,506430,1
18696,506431,1
16417,506432,1
18690,506433,1
16418,506434,1
16421,506435,1
18692,506436,1
18691,506437,1
16042,506438,1
18694,506439,1
16071,506440,1
16170,506441,1
16122,506442,1
16490,506443,1
16502,506444,1
9730,506445,1
11998,506446,1
18695,506447,1
16519,506448,1
16229,506449,1
16547,506450,1
18697,506451,1
16560,506452,1
18689,506453,1
16475,506454,1
16642,506455,1
18698,506456,1
18699,506457,1
16648,506458,1
9757,506459,1
16704,506460,1
16705,506461,1
16706,506462,1
15455,506463,1
16714,506464,1
16710,506465,1
16718,506466,1
16723,506467,1
16726,506468,1
16738,506469,1
18708,506470,1
16780,506471,1
18707,506472,1
16803,506473,1
16815,506474,1
16871,506475,1
16889,506476,1
18709,506477,1
17233,506478,1
16896,506479,1
9829,506480,1
16939,506481,1
16935,506482,1
16947,506483,1
16954,506484,1
16956,506486,1
9959,506487,1
16963,506488,1
9840,506489,1
17088,506490,1
9843,506491,1
17091,506492,1
17093,506493,1
18710,506494,1
17108,506495,1
9851,506496,1
17121,506497,1
17132,506498,1
9855,506499,1
9897,506500,1
17177,506501,1
17179,506502,1
9869,506503,1
17191,506504,1
17200,506505,1
17224,506506,1
18716,506507,1
18717,506508,1
9878,506509,1
18718,506510,1
18993,506511,1
9962,506512,1
9881,506513,1
3347,506514,4
9886,506515,1
9882,506516,1
9883,506517,1
9884,506518,1
9885,506519,1
9963,506520,1
9888,506521,1
9964,506522,1
5891,506523,1
16055,506524,1
9894,506525,1
9895,506526,1
9896,506527,1
18720,506528,1
9966,506529,1
9967,506530,1
9901,506531,1
9968,506532,1
7383,506533,1
9904,506534,1
9903,506535,1
9969,506536,1
9906,506537,1
9970,506538,1
9911,506539,1
9971,506540,1
9928,506541,1
9912,506542,1
9913,506543,1
9914,506544,1
18131,506545,1
9916,506546,1
9917,506547,1
9918,506548,1
9919,506549,1
9920,506550,1
9922,506551,1
9924,506552,1
9925,506553,1
9926,506554,1
18721,506555,1
9927,506556,1
17825,506557,1
9931,506558,1
9938,506559,1
9972,506560,1
9936,506561,1
17872,506562,1
9944,506563,1
9947,506564,1
9975,506565,1
9934,506566,1
10259,506567,1
10008,506568,1
9956,506569,1
10260,506570,1
21189,506571,1
9978,506572,1
9981,506573,1
9982,506574,1
9983,506575,1
9984,506576,1
9985,506577,1
9987,506578,1
9986,506579,1
9988,506580,1
9989,506581,1
18723,506582,1
9993,506583,1
10264,506584,1
9994,506585,1
9995,506586,1
18724,506587,1
9998,506588,1
15470,506589,1
10000,506590,1
10001,506591,1
10005,506592,1
10002,506593,1
18725,506594,1
18726,506595,1
15477,506596,1
7459,506597,1
10010,506598,1
10011,506599,1
15473,506600,1
10013,506601,1
10015,506602,1
10017,506603,1
18727,506604,1
15475,506605,1
10020,506606,1
10025,506607,1
18757,506608,1
18756,506609,1
15478,506610,1
15476,506611,1
10027,506612,1
18728,506613,1
10028,506614,1
10029,506615,1
15479,506616,1
18758,506617,1
10032,506618,1
10034,506619,1
10035,506620,1
10036,506621,1
21153,506622,1
2767,506623,1
21183,506624,1
15480,506625,1
15481,506626,1
18759,506627,1
18730,506628,1
10042,506629,1
10041,506630,1
15482,506631,1
10044,506632,1
15483,506633,1
18760,506634,1
10046,506635,1
18761,506636,1
10267,506637,1
10268,506638,1
10061,506639,1
16051,506640,1
15485,506641,1
10054,506642,1
10055,506643,1
15484,506644,1
18762,506645,1
2790,506646,1
2791,506647,1
2792,506648,1
2793,506649,1
2794,506650,1
16616,506651,1
2796,506652,1
2797,506653,1
17893,506654,1
2799,506655,1
2800,506656,1
17673,506657,1
8297,506658,1
2803,506659,1
2804,506660,1
10058,506661,1
18732,506662,1
10059,506663,1
18733,506664,1
10065,506665,1
18734,506666,1
10068,506667,1
10067,506668,1
18763,506669,1
18735,506670,1
10072,506671,1
5892,506672,1
10073,506673,1
10074,506674,1
10075,506675,1
16528,506676,1
15486,506677,1
18736,506678,1
10079,506679,1
10080,506680,1
18737,506681,1
18738,506682,1
18739,506683,1
10084,506684,1
10085,506685,1
18740,506686,1
10087,506687,1
10088,506688,1
10089,506689,1
10090,506690,1
10091,506691,1
10092,506692,1
18741,506693,1
15487,506694,1
10225,506695,1
15488,506696,1
15491,506697,1
15492,506698,1
10220,506699,1
19386,506700,1
19387,506701,1
19452,506702,1
10218,506706,1
10217,506707,1
18764,506708,1
10214,506709,1
10213,506710,1
10212,506711,1
10211,506712,1
17048,506713,1
20404,506714,1
20400,506715,1
20397,506716,1
20395,506717,1
20282,506718,1
19039,506719,1
20486,506720,1
20498,506721,1
20514,506722,1
15358,506723,1
20528,506724,1
15553,506725,1
20543,506726,1
20550,506727,1
12646,506728,1
20611,506729,1
17877,506730,1
20613,506731,1
20718,506732,1
15399,506733,1
20631,506734,1
12800,506735,1
18935,506736,1
21073,506737,1
17994,506738,1
20800,506739,1
17752,506740,1
20892,506741,1
20887,506742,1
16906,506743,1
21002,506744,1
20861,508969,1
13681,506746,1
21019,506747,1
21084,506748,1
19037,506749,1
18006,506750,1
21094,506751,1
13709,506752,1
16406,506754,1
18753,506755,1
15731,506756,1
17823,506757,1
18754,506758,1
19283,506759,1
18755,506760,1
16746,508924,1
10048,506762,1
17161,506763,1
10016,506764,1
20367,506765,1
20372,506766,1
7046,506767,1
7542,506768,1
7561,506769,1
18836,506770,1
2911,506771,1
2912,506772,1
2913,506773,1
2914,506774,1
2915,506775,1
2916,506776,1
2917,506777,1
2918,506778,1
2919,506779,1
2920,506780,1
2921,506781,1
2922,506782,1
17811,506783,1
2924,506784,1
2925,506785,1
2926,506786,1
2927,506787,1
2928,506788,1
6196,506789,4
2930,506791,1
2931,506792,1
2932,506793,1
2933,506794,1
2934,506795,1
2935,506796,1
2936,506797,1
2937,506798,1
2938,506799,1
2939,506800,1
2940,506801,1
2941,506802,1
11499,506803,1
17248,506804,1
11837,506805,1
11835,506806,1
3334,506808,5
11838,506814,1
11840,506815,1
11847,506816,1
11845,506817,1
11849,506818,1
11851,506819,1
11853,506820,1
11855,506821,1
11887,506822,1
16264,506825,1
11863,506826,1
11861,506827,1
11859,506828,1
11857,506829,1
11867,506830,1
11869,506831,1
11872,506832,1
11874,506833,1
11876,506834,1
11882,506835,1
11884,506836,1
11886,506837,1
11888,506838,1
11889,506839,1
20363,506840,1
11900,506841,1
4467,506842,1
2974,506843,1
11823,506844,1
11828,506845,1
16473,506846,1
15904,506847,1
15905,506848,1
15906,506849,1
2981,506850,1
15891,506851,1
15908,506852,1
15907,506853,1
15909,506854,1
15910,506855,1
15911,506856,1
15912,506857,1
15914,506858,1
15913,506859,1
17207,506860,1
2992,506861,1
2993,506862,1
7522,506863,1
7404,506864,1
2996,506865,1
15897,506866,1
2998,506867,1
2999,506868,1
3000,506869,1
17938,506870,1
3002,506871,1
3003,506872,1
16482,506873,1
16709,506874,1
16641,506875,1
16708,506876,1
3008,506877,1
3009,506878,1
16724,506879,1
16725,506880,1
8550,506881,1
14153,506882,1
21014,507192,1
3015,506884,1
16999,506885,1
16978,506886,1
16996,506887,1
16998,506888,1
16997,506889,1
17087,506890,1
16994,506891,1
16993,506892,1
16899,506893,1
17148,506894,1
19645,506895,1
19663,509075,1
18711,506897,1
18712,506898,1
3030,506899,1
3031,506900,1
17948,506901,1
17941,506902,1
3034,506903,1
17097,506904,1
18715,506905,1
18719,506906,1
18713,506907,1
16910,506908,1
18714,506909,1
7492,506910,1
19129,506911,1
18722,506912,1
3044,506913,1
3045,506914,1
18731,506915,1
3047,506916,1
3048,506917,1
6294,506918,1
3050,506919,1
3051,506920,1
3052,506921,1
3053,506922,1
7493,506923,1
3055,506924,1
7476,506925,1
3057,506926,1
3058,506927,1
3059,506928,1
7494,506929,1
3061,506930,1
3062,506931,1
3063,506933,1
3064,506934,1
3065,506935,1
3066,506936,1
3067,506938,1
3068,506939,1
3069,506940,1
17326,506941,1
17327,506942,1
17328,506943,1
17329,506944,1
17330,506945,1
17331,506946,1
17333,506947,1
17332,506948,1
13293,505365,0
3079,506951,1
6303,506952,1
17583,505946,1
3380,503328,1
11754,503980,4
3337,504120,1
6210,504207,4
3341,504307,4
3342,504330,4
6320,504557,4
6293,506293,4
7417,506296,4
3346,506514,1
6195,506789,1
7478,506790,4
3094,506807,4
4358,506809,4
3350,506810,4
3351,506811,4
3352,506812,4
3353,506813,4
3100,504565,6
3101,504566,6
3102,504567,6
7328,504568,6
3594,502660,7
7843,502649,8
7842,502650,8
7841,502651,8
11813,502783,10
3109,503052,10
3110,504304,11
7169,502725,12
3112,506937,13
17613,506054,1
3122,506955,1
3238,506956,1
9586,506961,1
19295,509065,1
17531,505902,1
7058,506959,15
7057,506959,14
8369,505793,1
5865,505794,1
7255,505796,1
18099,504701,1
3430,504702,0
7214,505254,1
17615,506056,1
17539,505907,1
17502,505627,1
17541,505908,1
17503,505628,1
17498,505453,1
17499,505454,1
17509,505631,1
17500,505625,1
17501,505626,1
4478,505069,1
17505,505629,1
17507,505630,1
17621,506100,1
17511,505632,1
17513,505633,1
17515,505634,1
17517,505635,1
17518,505636,1
17520,505637,1
17616,506057,1
17522,505638,1
17523,505639,1
17622,506101,1
17525,505640,1
17617,506058,1
17510,505805,1
17508,505804,1
17614,506055,1
17506,505803,1
17512,505674,1
17497,505451,1
13377,505858,1
17504,505802,1
17514,505675,1
17516,505676,1
17519,505677,1
17569,505930,1
17524,505889,1
17521,505678,1
13217,505191,1
9526,506962,1
17526,505890,1
13302,505328,0
17528,505891,1
13297,505317,0
3623,505362,0
13296,505361,0
17623,506102,1
17618,506059,1
17532,505893,1
17530,505892,1
17534,505894,1
17536,505895,1
16031,506963,1
17538,505896,1
17540,505897,1
9524,506964,1
17545,505899,1
17542,505898,1
17535,505905,1
17527,505900,1
17529,505901,1
17646,505686,1
17589,505952,1
17628,506106,1
17587,505950,1
17588,505951,1
17627,506105,1
17581,505943,1
17590,505953,1
17584,505947,1
17580,505942,1
17582,505945,1
17586,505949,1
17577,505939,1
17579,505941,1
17578,505940,1
17576,505937,1
17575,505936,1
17574,505935,1
11138,505992,1
17585,505948,1
17573,505934,1
17572,505933,1
17591,505954,1
17571,505932,1
17567,506967,1
17570,505931,1
17568,505929,1
17566,505927,1
17550,505926,1
17547,505925,1
17563,505924,1
17561,505923,1
17559,505921,1
17560,505922,1
17558,505920,1
17557,505919,1
17556,505918,1
17553,505915,1
17555,505917,1
17554,505916,1
17552,505914,1
17551,505913,1
17548,505912,1
17544,505910,1
17546,505911,1
17537,505906,1
17533,505904,1
17543,506966,1
9594,506965,1
19125,507190,1
19408,502449,1
19400,502446,1
17592,505955,1
17626,506104,1
17593,505994,1
17598,506968,1
17594,505995,1
17625,506103,1
17595,505996,1
17597,505998,1
17596,505997,1
17599,506040,1
17600,506041,1
17607,506048,1
17601,506042,1
17620,506099,1
17602,506043,1
17603,506044,1
17604,506045,1
17605,506046,1
17608,506049,1
17606,506047,1
17619,506060,1
17609,506050,1
17610,506051,1
17611,506052,1
17640,505680,1
17612,506053,1
5415,506969,1
17632,505958,1
17631,505957,1
17629,506107,1
17630,505956,1
17650,505690,1
17633,505959,1
17639,505679,1
17634,505960,1
17635,505961,1
17638,505964,1
17636,505962,1
17647,505687,1
17637,505963,1
17641,505681,1
17642,505682,1
15463,506970,1
7371,506978,1
9415,506971,17
17350,505442,1
5665,506973,1
5664,506974,1
5663,506975,1
5662,506976,1
17651,505691,1
17645,505685,1
17644,505684,1
17643,505683,1
17649,505689,1
17648,505688,1
17489,505863,1
13345,505871,1
17490,505864,1
17789,508946,1
13319,505870,1
13356,505867,1
13238,505869,1
5993,506977,16
17652,505806,1
7372,506979,1
10262,506980,1
9139,507155,24
7573,506981,18
8685,506993,23
11492,506982,1
7572,506985,19
11491,506984,1
11493,506983,1
20988,506994,1
8638,505660,4
9616,506995,1
9018,506996,1
9615,506997,1
9614,506998,1
21018,506999,1
10240,507000,1
10241,507001,1
10242,507002,1
10232,507003,1
10233,507004,1
10234,507005,1
10235,507006,1
10236,507007,1
21106,507008,1
10279,507010,1
8322,507011,1
9611,507012,1
8334,507013,1
8446,507014,1
8333,507015,1
17314,507016,1
8336,507017,1
9187,507018,1
8335,507019,1
17653,507020,1
9610,507021,1
8339,507022,1
17335,507024,1
8342,507023,1
17337,507028,1
8343,507025,1
9609,507026,1
8347,507027,1
17338,507029,1
17663,507101,1
8351,507030,1
9013,507031,1
10952,507032,1
17367,507037,1
8354,507033,1
17381,507039,1
17340,507034,1
9009,507035,1
9598,507038,1
9005,507040,1
9271,507100,1
8363,507041,1
9850,507042,1
17417,507044,1
17399,507043,1
9059,507045,1
13376,505858,0
20694,507047,1
17469,507048,1
8444,507049,1
17562,507050,1
8448,507051,1
17983,507052,1
8447,507053,1
21013,507054,1
9248,507055,1
17940,507056,1
17679,507057,1
17680,507058,1
9243,507059,1
9242,507060,1
9241,507061,1
9240,507062,1
9239,507063,1
17682,507064,1
9238,507065,1
9236,507066,1
9235,507067,1
9226,507068,1
9232,507069,1
17688,507070,1
17684,507071,1
9227,507072,1
9225,507073,1
9224,507074,1
9223,507075,1
9221,507076,1
9217,507077,1
9216,507078,1
9215,507079,1
9214,507080,1
17042,507081,1
17691,507082,1
9209,507083,1
9208,507084,1
20879,508941,1
17692,507086,1
9600,507087,1
9205,507088,1
17693,507089,1
17694,507090,1
9202,507091,1
9201,507092,1
9200,507093,1
9273,507094,1
9272,507095,1
9270,507096,1
9269,507097,1
9268,507098,1
9267,507099,1
9266,507102,1
9265,507103,1
17023,507104,1
9262,507105,1
9263,507106,1
9261,507107,1
9260,507108,1
9259,507109,1
9258,507110,1
17654,507111,1
9257,507112,1
9604,507113,1
9603,507114,1
9602,507115,1
9601,507116,1
17681,507117,1
9251,507118,1
10140,507119,1
9250,507120,1
9249,507121,1
9246,507122,1
9607,507123,1
9237,507124,1
9234,507125,1
17689,507126,1
9231,507127,1
9230,507128,1
9229,507129,1
17690,507130,1
9212,507131,1
20187,507132,1
20186,507133,1
9219,507134,1
17697,507135,1
18679,507435,1
9188,507137,1
8527,507138,1
17699,507139,1
8530,507140,1
11059,507141,1
8532,507142,1
9017,507143,1
17700,507144,1
19316,507145,1
8314,507146,1
8313,507147,1
8170,507148,1
17475,505653,1
13716,505700,1
8242,505446,1
17405,505445,1
17722,506061,1
8189,505855,0
17493,505874,1
13251,505699,1
17494,505875,1
13252,505698,1
13721,505697,1
13955,505840,0
13954,505841,1
13329,505876,1
8891,505696,1
17398,505695,1
17495,505449,1
17397,505694,1
13300,505364,1
13288,505693,1
17496,505450,1
17396,505692,1
13825,505673,0
17492,505873,1
13247,505701,1
13342,505872,1
13246,505612,1
8217,505843,0
8218,505843,1
13245,505613,1
8244,505846,0
17400,505614,1
17401,505615,1
17403,505443,1
8551,505616,1
17404,505444,1
17402,505617,1
8245,505846,1
19160,507149,1
8248,505844,1
9491,506987,20
8558,505672,1
13258,505671,1
8626,505670,1
8686,506992,23
8629,505666,1
8630,505665,1
8631,505664,1
20997,507659,1
9291,505667,1
8632,505663,1
17394,505662,1
8635,505661,1
8637,505660,1
8782,505285,1
8641,505288,1
17395,505287,1
8640,505658,1
8639,505659,1
8636,506134,1
13391,505359,1
8628,505668,1
8627,505669,1
8783,505284,1
9419,505286,1
17716,505826,1
9143,507150,21
8672,507153,22
9145,507151,21
9142,507152,21
8684,506991,23
9141,507154,24
9148,507157,24
9147,507158,24
9149,507159,24
18296,507160,24
9146,507161,24
13259,505283,1
13265,506110,0
17392,505282,1
17391,505281,1
8839,505280,1
17388,505276,1
13260,505277,1
17390,505279,1
8808,506037,0
17389,505278,1
8803,506031,0
17717,506113,1
20443,507184,1
8809,506112,1
13390,505359,0
8744,506111,1
9302,505535,1
13827,507162,15
8807,506036,0
17386,505534,1
13269,505527,1
13949,505533,1
9307,505531,1
17385,505532,1
17714,506035,0
8805,506034,0
13717,505526,1
13715,505530,1
13389,505360,1
13267,505529,1
13268,505528,1
13298,505317,1
13272,505609,1
8804,506033,0
8802,506032,1
14094,505608,1
13386,505358,1
8816,506030,1
19103,507183,1
12139,505607,1
13371,505861,0
13375,505860,1
13226,506026,1
13372,505861,1
13227,505999,1
13368,505862,1
13228,506024,1
17719,507163,1
9032,506023,1
8832,506022,0
17240,505606,1
17384,505605,1
20996,507658,1
9035,505440,1
17383,505603,1
9299,505604,1
9031,506002,1
8946,505602,1
17491,505866,1
17382,505601,1
8924,506021,0
17712,506018,1
17713,506019,1
8925,506021,1
17711,506017,1
8867,505599,0
8866,505600,1
8875,505598,1
15663,506008,1
8981,505993,0
17380,505597,1
17378,505596,0
9169,507166,1
8917,506006,1
9112,506000,0
8916,506007,1
13365,505865,1
8940,505595,1
13229,506005,1
8942,505594,1
13231,506004,1
8939,505593,1
9164,507165,1
17377,505592,1
13236,506003,1
8898,505591,1
17376,505590,1
17665,508940,1
17374,505586,1
13948,505589,1
17375,505587,1
8923,505990,1
15619,505588,1
9549,507179,1
8982,505993,1
13383,506029,1
17373,505583,1
17710,505989,1
8997,505988,1
13232,505991,1
9300,505986,1
8998,505987,1
9285,505985,1
17239,505585,1
17371,505441,1
17372,505582,1
9047,505584,1
9113,506000,1
17718,505832,1
13233,505984,1
9090,505264,1
9083,505982,0
17708,505983,1
9116,506001,1
17370,505263,1
9084,505982,1
9122,505352,1
19544,505353,1
9095,505491,1
17369,505492,1
9108,505490,1
19189,507178,1
17368,505489,1
9371,505488,1
17365,505351,1
9372,505487,1
17364,505350,1
19102,507182,1
10254,507180,1
19101,507181,1
9402,505341,1
9321,505564,0
17362,505343,1
9374,505349,1
9350,505348,1
9375,505347,1
20449,507186,1
13982,505346,1
9481,505340,1
17675,505344,1
9376,505345,1
13354,505868,1
13239,505975,1
13295,505363,0
17707,505972,1
9422,505974,1
17706,505971,1
9518,507177,1
17705,505970,1
9531,506010,0
17703,505968,1
17359,505334,1
9420,505969,1
9483,505337,1
17361,505339,1
9575,507185,1
9482,505338,1
9532,506010,1
17704,505857,1
17360,505335,1
9423,505336,1
9411,505966,0
9412,505966,1
9413,505965,0
9414,505965,1
13276,505333,1
13294,505365,1
17355,505332,1
17358,505334,0
9578,507187,1
17353,505330,1
17379,505596,1
17352,505486,1
17354,505331,1
17351,505485,1
17349,505423,1
20905,508942,1
17348,505422,1
9581,507188,1
19104,507189,1
21083,507193,1
10247,507194,1
10334,507195,1
19063,507197,1
19062,507196,1
17334,504715,1
19888,504716,1
19064,507198,1
19065,507199,1
19068,507200,1
19072,507201,1
19073,507202,1
19077,507203,1
19079,507204,1
19082,507206,1
19083,507207,1
19085,507208,1
19084,507209,1
19093,507210,1
19095,507211,1
19096,507212,1
19106,507213,1
19107,507214,1
19108,507215,1
19109,507216,1
19110,507217,1
19291,507218,1
19389,507219,1
19390,507220,1
19391,507221,1
19393,507222,1
19394,507223,1
19396,507224,1
19384,507225,1
19401,507226,1
19410,507227,1
19414,507228,1
19415,507229,1
19416,507230,1
19417,507231,1
19419,507232,1
19422,507233,1
19423,507234,1
19424,507235,1
19427,507236,1
19431,507237,1
19432,507238,1
19433,507239,1
19434,507240,1
19385,507241,1
19435,507242,1
19446,507243,1
19448,507244,1
19454,507245,1
19458,507246,1
19461,507247,1
19462,507248,1
19465,507249,1
19464,507250,1
19467,507251,1
19468,507252,1
19469,507253,1
19472,507254,1
19413,507255,1
19412,507256,1
19474,507257,1
19475,507258,1
19477,507259,1
19479,507260,1
19117,507261,1
19483,507262,1
19528,507263,1
18657,507264,1
19485,507265,1
19486,507266,1
19487,507267,1
19113,507268,1
19114,507269,1
19488,507270,1
19489,507271,1
19490,507272,1
19492,507273,1
19494,507274,1
19495,507275,1
19651,507276,1
18219,507277,1
19036,507278,1
19496,507279,1
18274,507280,1
20690,507281,1
20689,507282,1
18405,507283,1
20696,507284,1
18083,507285,1
20564,507286,1
18175,507287,1
18440,507288,1
19498,507289,1
19653,507290,1
19499,507291,1
19656,507292,1
20057,507293,1
19501,507294,1
20135,507295,1
20136,507296,1
19547,507297,1
15624,507298,1
20137,507299,1
16303,507300,1
20934,507301,1
20197,507302,1
20139,507303,1
20140,507304,1
20141,507305,1
20156,507306,1
19502,507307,1
20935,507308,1
20196,507309,1
20881,507310,1
20198,507311,1
20159,507312,1
16311,507313,1
20947,507314,1
20160,507315,1
20161,507316,1
20162,507317,1
20163,507318,1
16171,507679,1
18473,507320,1
18452,507321,1
18421,507322,1
18453,507323,1
18454,507324,1
18417,507325,1
18415,507326,1
18416,507327,1
18424,507328,1
18418,507329,1
18414,507330,1
18470,507331,1
18347,507332,1
18346,507333,1
18336,507334,1
20949,507335,1
14037,507336,1
20243,507337,1
20809,507338,1
20165,507339,1
20166,507340,1
20167,507341,1
20242,507342,1
20189,507343,1
19397,507344,1
19398,507345,1
19399,507346,1
20192,507348,1
11418,507349,1
18773,507350,1
20193,507351,1
20240,507352,1
20200,507353,1
20201,507354,1
20216,507355,1
20217,507356,1
20218,507357,1
20219,507358,1
20220,507359,1
20961,507360,1
20221,507361,1
20817,507362,1
20222,507363,1
20223,507364,1
20224,507365,1
11495,507433,1
20155,507432,1
20225,507368,1
20226,507369,1
20227,507370,1
20228,507371,1
11060,507372,1
12505,507373,1
20229,507374,1
16612,507375,1
16611,507376,1
20230,507377,1
20241,507378,1
21157,507379,1
21194,507380,1
20231,507381,1
21072,507382,1
20234,507383,1
20235,507384,1
15501,507385,1
20829,507386,1
20236,507387,1
20239,507388,1
20253,507389,1
20265,507390,1
20266,507391,1
20267,507392,1
20280,507393,1
20281,507394,1
20254,507395,1
20401,507396,1
21162,507397,1
20255,507398,1
17028,507399,1
20256,507400,1
20257,507401,1
20258,507402,1
20270,507403,1
18269,507404,1
18156,507405,1
18267,507406,1
19757,505556,0
19758,505556,1
18492,507409,1
18439,507410,1
18468,507411,1
18222,507412,1
18167,507413,1
18316,507414,1
18320,507415,1
18444,507416,1
18443,507417,1
18464,507418,1
19402,507419,1
19409,507420,1
19406,507421,1
19405,507422,1
18106,507423,1
19131,507424,1
18168,507425,1
20271,507426,1
20563,507427,1
20273,507428,1
17036,507429,1
20274,507430,1
20826,507617,1
20264,507434,1
13031,507436,1
15634,507437,1
17041,507438,1
11740,507439,1
20275,507440,1
17063,507441,1
17046,507442,1
20276,507443,1
20277,507444,1
20399,507445,1
20803,507446,1
16091,507447,1
20398,507448,1
15381,507449,1
19175,507450,1
19168,507451,1
15529,507452,1
20805,507453,1
20411,507456,1
17793,507454,4
20405,507455,1
17066,507457,1
20406,507458,1
20408,507459,1
20409,507460,1
20410,507461,1
20780,509223,1
20412,507462,4
20413,507463,1
20497,509222,1
20414,507464,4
20415,507465,1
15532,507466,1
15390,507467,1
20487,507468,1
19122,507469,1
20488,507470,1
15534,507471,1
20491,507473,1
20494,507474,1
20499,507475,1
20500,507476,1
20501,507477,1
20502,507478,1
20503,507479,1
16449,507480,1
13614,507481,1
15695,507482,1
20504,507483,1
20505,507484,1
15558,507485,1
15539,507486,1
20506,507487,1
20507,507488,1
12947,507489,1
14090,507490,1
20511,507491,1
20512,507492,1
20993,507493,1
20513,507494,1
12941,507495,1
20515,507496,1
13495,507657,1
14167,507499,1
14155,507498,25
18782,507500,1
20516,507501,1
20521,507502,1
20518,507503,1
12933,507504,1
20519,507505,1
20520,507506,1
20525,507507,1
20523,507508,1
12928,507509,1
20524,507510,1
20526,507511,1
17894,507512,1
20530,507513,4
20529,507513,1
13718,507514,1
20531,507515,1
18110,507516,1
13479,507517,1
18496,507518,1
15549,507519,1
20532,507520,1
20533,507521,1
19493,507522,1
16573,507523,1
20158,507524,1
18161,507525,1
15521,507526,1
20534,507527,1
12600,507528,1
20806,507529,1
12599,507530,1
12604,507531,1
12606,507532,1
20626,507533,1
20536,507534,1
20538,507535,1
20539,507536,1
20540,507537,1
20541,507538,1
20542,507539,1
15564,507540,1
20544,507541,1
20546,507542,1
15525,507543,1
20547,507544,1
20548,507545,1
20549,507546,1
20552,507547,1
20553,507548,1
14128,507549,1
20554,507550,1
20556,507551,1
20557,507552,1
20645,507553,1
12664,507554,1
12715,507555,1
20559,507556,1
20560,507557,1
20561,507558,1
12721,507559,1
12724,507560,1
12725,507561,1
20587,507562,1
17989,507563,1
20599,507564,1
20607,507565,1
18890,507566,1
20608,507567,1
20609,507568,1
19134,507569,1
20994,507570,1
20612,507571,1
19136,507572,1
20647,507573,1
20649,507574,1
20650,507575,1
20665,507576,1
20686,507577,1
20667,507578,1
20684,507579,1
20709,507580,1
20685,507581,1
12792,507582,1
20735,507583,4
20734,507583,1
12828,507584,1
20719,507585,1
20720,507586,1
20738,507587,1
20795,507588,1
20727,507589,1
20728,507590,1
17986,507591,1
19229,507592,1
20801,507593,1
17274,507594,1
20822,507595,1
20823,507596,1
20824,507597,1
20825,507598,1
16508,507599,1
16243,507600,1
17979,507601,1
19139,507602,1
21017,507603,1
17993,507604,1
19031,507605,1
15370,507606,1
13924,507607,1
15371,507608,1
13637,507609,1
13636,507610,1
13639,507611,1
13540,507612,1
13539,507613,1
13538,507614,1
13537,507615,1
13536,507616,1
20827,507618,1
15573,507619,1
20840,507620,1
20841,507621,1
20860,507622,1
20862,507623,1
20864,507624,1
20865,507625,1
20869,507626,1
20877,507627,1
19430,507628,1
21008,507629,1
20889,507636,1
20888,507635,1
20880,507632,1
20885,507633,1
20886,507634,1
20906,507637,1
20907,507638,1
17801,507639,1
20923,507640,1
13605,507641,1
17062,507642,1
20926,507643,1
20990,507644,1
20936,507645,1
20937,507646,1
17837,507647,1
20989,507648,1
20991,507649,1
20992,507650,1
20995,507651,1
13381,505859,0
13458,505801,1
13382,505859,1
17829,508947,1
13455,505799,1
13776,505484,1
13792,505472,0
17487,505798,1
13456,505800,1
13452,505483,1
17486,505482,1
13460,505481,1
13461,505480,1
19088,505479,1
13451,505478,1
18497,507652,1
18413,507653,1
18483,507654,1
18482,507655,1
18235,507656,1
13502,507660,1
20998,507661,1
13623,507662,1
13512,507663,1
20999,507664,1
17284,507665,1
21003,507666,1
21005,507667,1
13621,507668,1
21007,507669,1
16831,507670,1
21010,507671,1
21011,507672,1
13629,507673,1
19216,507674,1
21074,507675,1
19254,507676,1
21075,507677,1
21077,507678,1
21079,507680,1
21108,507681,1
17980,507682,1
21086,507683,1
17981,507684,1
21118,509338,1
21092,507686,1
21095,507687,1
21096,507688,1
19237,507689,1
21097,507690,1
21098,507691,1
20981,507692,1
16527,507693,1
13735,507694,1
20982,507695,1
13732,507696,1
20983,507697,1
19222,507698,1
13744,507699,1
13746,507700,1
13757,507701,1
14004,505836,0
13959,505838,1
19228,507702,1
19201,507703,1
17484,505476,1
13779,505477,1
13866,506209,0
17483,505475,1
17481,505474,1
20615,509237,1
13795,505471,0
13793,505472,1
13796,505471,1
13797,505470,0
13798,505470,1
13862,506124,0
13852,505469,1
19287,507704,1
19288,507705,1
13816,507706,1
19230,507707,1
13864,506127,0
13850,505467,1
13863,506125,0
13851,505468,1
13865,506128,0
13849,505797,1
13826,505673,1
13941,505842,0
13830,505439,1
17347,505438,1
17482,505473,1
17346,505437,1
13838,505434,0
17342,505435,1
13839,505434,1
17072,507708,1
13845,505433,1
13869,506208,0
17965,506198,0
17734,506205,1
17733,506201,1
17732,506199,1
13907,506197,1
20925,508945,1
17731,506196,1
14102,506092,1
17729,506195,1
17728,506097,1
13942,505842,1
17727,506096,1
17726,506095,1
13902,506093,0
14101,506092,0
19066,507720,1
19482,507709,1
13931,506094,1
13928,506098,1
13919,506090,0
19459,507715,1
17724,506089,1
14033,506088,1
17725,506091,1
17723,506087,1
18308,507711,1
18318,507712,1
17794,507454,1
17721,505839,1
13967,505830,1
20566,507713,1
18186,507714,1
18946,507716,1
14029,505835,1
18944,507717,1
14011,505834,1
17720,505833,1
14026,505831,0
14024,505829,0
14025,505827,0
14027,505831,1
18943,507718,1
18187,507719,1
14162,507721,1
20233,508923,1
16556,508922,1
18484,508920,1
18456,508919,1
19123,507726,1
16769,508046,4
16512,508918,1
16851,508916,1
16468,508917,1
16905,508929,1
17262,508915,1
15436,508895,27
15435,508895,1
18169,508981,1
18104,505138,1
16400,508913,1
17762,507738,1
16048,508907,1
14205,507740,1
16374,507983,4
15931,508902,1
15932,508900,1
15924,508899,1
15921,507859,4
15930,508901,1
15933,508903,1
15934,508904,1
15935,508905,1
15953,508906,1
19238,507751,1
19289,507752,1
15675,507753,1
15673,507754,1
19225,507755,1
15671,507756,1
19226,507757,1
15669,507758,1
17272,508914,1
19224,507760,1
19534,508926,1
16852,508916,29
15727,507763,1
15726,507764,1
15725,507765,1
15738,507766,1
15739,507767,1
16799,508925,1
16835,508099,4
15794,507770,1
19231,507771,1
19277,507772,1
19275,507773,1
19276,507774,1
15757,507775,1
19256,507776,1
15759,507777,1
15760,507778,1
15762,507779,1
19282,507780,1
19255,507781,1
19257,507782,1
15769,507783,1
19292,507784,1
15770,507785,1
19258,507786,1
15774,507787,1
15777,507788,1
15776,507789,1
15779,507790,1
15781,507791,1
16267,507792,1
15786,507793,1
15800,507794,1
15788,507795,1
15789,507796,1
16398,507797,1
15798,507798,1
18097,507799,1
19281,507800,1
19279,507801,1
15801,507802,1
15804,507803,1
15892,507804,1
15812,507805,1
15824,507806,1
15820,507807,1
15821,507808,1
15822,507809,1
15865,507810,1
19320,507811,1
16375,507812,1
15828,507813,1
15830,507814,1
15834,507815,1
15837,507816,1
15836,507817,1
19321,507818,1
20984,507819,1
19322,507820,1
19572,507821,1
15842,507822,1
15715,507823,1
16892,508928,1
15847,507825,1
15851,507826,1
15852,507827,1
15849,507828,1
15853,507829,1
15854,507830,1
15856,507831,1
19573,507832,1
15858,507833,1
17822,507834,1
15863,507835,1
15864,507836,1
15869,507837,1
19325,508898,1
15871,507839,1
15872,507840,1
15658,508897,1
17254,507842,1
15875,507843,1
19575,507844,1
15877,507845,1
15878,507846,1
19293,507847,1
15880,507848,1
15881,507849,1
15882,507850,1
15885,507851,1
18239,507852,1
15889,507853,1
16408,507854,1
15915,507855,1
15916,507856,1
16410,507857,1
15919,507858,1
15920,507859,1
19622,507860,1
19577,507861,1
15936,507862,1
17412,507863,1
19350,507864,1
18275,508998,1
15940,507866,1
18339,507867,28
16177,507868,1
15948,507869,1
16412,507870,1
17255,507871,1
15951,507872,1
15952,507873,1
17253,507874,1
16024,507875,1
16014,507876,1
16023,507877,1
16016,507878,1
16017,507879,1
16501,507880,1
19342,507881,1
16022,507882,1
16021,507883,1
16032,507884,1
16425,507885,1
19579,507886,1
16038,507887,1
16052,507888,1
17256,507889,1
19580,507890,1
16070,507891,1
17257,507892,1
16073,507893,1
16477,507894,1
19581,507895,1
16077,507896,1
16104,507897,1
16103,507898,1
17258,507899,1
19617,507968,4
17283,508912,1
16231,508911,1
21093,508910,1
19626,509074,1
19347,507906,1
17259,507907,1
16125,507908,1
20489,508896,1
18950,507910,1
16128,507911,1
16116,507912,1
17260,507913,1
17261,507914,1
16127,507915,1
16130,507916,1
17263,507917,1
16136,507918,1
19550,507919,1
16142,507920,1
16140,507921,1
17264,507922,1
17265,507923,1
19623,507924,1
16145,507925,1
16147,507926,1
19583,507927,1
19358,507928,1
20858,505144,1
16151,507930,1
17276,507931,1
16153,507932,1
19618,507933,1
14399,507934,1
19620,507935,1
16160,507936,1
17277,507937,1
17278,507938,1
19584,507939,1
17304,507940,1
19585,507941,1
19586,507942,1
14408,507943,1
14409,507944,1
16344,507945,1
17279,507946,1
17280,507947,1
17281,507948,1
17303,507949,1
17301,507950,1
17282,507951,1
16234,507952,1
16043,507953,1
16044,507954,1
16046,507955,1
14421,507956,1
16236,507957,1
17288,507958,1
19525,507959,1
17285,507960,1
19587,507961,1
16525,507962,1
17287,507963,1
19589,507964,1
17286,507965,1
19556,507966,1
16252,507967,1
19616,507968,1
16255,507969,1
16256,507970,1
19561,507971,1
19564,507972,1
16261,507973,1
17290,507974,1
16263,507975,1
17289,507976,1
17298,507977,1
16271,507978,1
19621,507979,1
17297,507980,1
16274,507981,1
17292,507982,1
16373,507983,1
16372,507984,1
19566,507985,1
16352,507986,1
19567,507987,1
16355,507988,1
19590,507989,1
19570,507990,1
19571,507991,1
19630,507992,1
16361,507993,1
17296,507994,1
19632,507995,1
19633,507996,1
17820,507997,1
19634,507998,1
16860,507999,1
19635,508000,1
17295,508001,1
16651,508002,1
16888,508927,1
16377,508004,1
16378,508005,1
16457,508006,1
19636,508007,1
20245,508008,1
19591,508009,1
19637,508010,1
20246,508011,1
20247,508012,1
16392,508013,1
16855,508014,1
16854,508015,1
17293,508016,1
16397,508017,1
19592,508018,1
16456,508019,1
20248,508020,1
19087,508021,1
20249,508022,1
16767,508023,1
19593,508024,1
16849,508025,1
19594,508026,1
20250,508027,1
16479,508028,1
16847,508029,1
20251,508030,1
16484,508031,1
16486,508032,1
16613,508033,1
16846,508034,1
16845,508035,1
20252,508036,1
16873,508037,1
16844,508038,1
16634,508039,1
16843,508040,1
16635,508041,1
16794,508042,1
16637,508043,1
16638,508044,1
16639,508045,1
16768,508046,1
16643,508047,1
16644,508048,1
16645,508049,1
16647,508050,1
16694,508051,1
16692,508052,1
16842,508053,1
16689,508054,1
16684,508055,1
16685,508056,1
16686,508057,1
20259,508058,1
16687,508059,1
16695,508060,1
16680,508061,1
16696,508062,1
19537,508063,1
16697,508064,1
16698,508065,1
16699,508066,1
16674,508067,1
16675,508068,1
16700,508069,1
16701,508070,1
16703,508071,1
16841,508072,1
16711,508073,1
16713,508074,1
21188,508075,1
16729,508076,1
16731,508077,1
16732,508078,1
16733,508079,1
16875,508080,1
16839,508081,1
16739,508082,1
16740,508083,1
19554,508084,1
19563,509073,1
16838,508086,1
16747,508087,1
16748,508088,1
16750,508089,1
16837,508090,1
16754,508091,1
17043,508092,1
16758,508093,1
16759,508094,1
16836,508095,1
16762,508096,1
16763,508097,1
16764,508098,1
16834,508099,1
16798,508100,1
16773,508101,1
16774,508102,1
16777,508103,1
16776,508104,1
16829,508105,1
16779,508106,1
16830,508107,1
20977,508108,1
16785,508109,1
16787,508110,1
16833,508111,1
20985,508112,1
16832,508113,1
16792,508114,1
16793,508115,1
16801,508116,1
16802,508117,1
16800,508118,1
16804,508119,1
16805,508120,1
16806,508121,1
17294,508122,1
16874,508123,1
16811,508124,1
16812,508125,1
16813,508126,1
16814,508127,1
16816,508128,1
16818,508129,1
16819,508130,1
16820,508131,1
16824,508132,1
16822,508133,1
16826,508134,1
16827,508135,1
16863,508136,1
16870,508137,1
16866,508138,1
21000,508139,1
20260,508140,1
16890,508141,1
16893,508142,1
20261,508143,1
20262,508144,1
16944,508145,1
20986,508146,1
16902,508147,1
16904,508148,1
20263,508149,1
16912,508150,1
16915,508151,1
16917,508152,1
16919,508153,2
16920,508154,1
16921,508155,1
17812,508156,1
16925,508157,1
16926,508158,1
16927,508159,1
16928,508160,1
16929,508161,1
16930,508162,1
16931,508163,1
16933,508164,1
14630,508165,1
16934,508166,1
19204,508167,1
16938,508168,1
16940,508169,1
16941,508170,1
16942,508171,1
16943,508172,1
16945,508173,1
16946,508174,1
16948,508175,1
16949,508176,1
16951,508177,1
16952,508178,1
16958,508179,1
16961,508180,1
16962,508181,1
16964,508182,1
16965,508183,1
16968,508184,1
16967,508185,1
16969,508186,1
16970,508187,1
16974,508188,1
16973,508189,1
16975,508190,1
16976,508191,1
16977,508192,1
16979,508193,1
16981,508194,1
16982,508195,1
16983,508196,1
16984,508197,1
16985,508198,1
16988,508199,1
16989,508200,1
14666,508201,1
17081,508202,1
17082,508203,1
17083,508204,1
17085,508205,1
17086,508206,1
17089,508207,1
17090,508208,1
17092,508209,1
17095,508211,4
17094,508211,1
17096,508212,1
16795,508213,1
17098,508214,1
17100,508215,1
17101,508216,1
17104,508217,1
17105,508218,1
17106,508219,1
17110,508220,1
17232,508221,1
17112,508222,1
17113,508223,1
14689,508224,1
17114,508225,1
17120,508226,1
17119,508227,1
17122,508228,1
17123,508229,1
17124,508230,1
17126,508231,1
17127,508232,1
17130,508233,1
17131,508234,1
17133,508235,1
17135,508236,1
17136,508237,1
17137,508238,1
17138,508239,1
17139,508240,1
17140,508241,1
17141,508242,1
17142,508243,1
17143,508244,1
17144,508245,1
17145,508246,1
17146,508247,1
17147,508248,1
17149,508249,1
17152,508250,1
17300,508251,1
17154,508252,1
17231,508253,1
17156,508254,1
17157,508255,1
17158,508256,1
17159,508257,1
17160,508258,1
17164,508259,1
17166,508260,1
17167,508261,1
17170,508262,1
17175,508263,1
20987,508264,1
17180,508265,1
17182,508266,1
17184,508267,1
17186,508268,1
17189,508269,1
17190,508270,1
17188,508271,1
17192,508272,1
17194,508273,1
17195,508274,1
17198,508275,1
17202,508276,1
17203,508277,1
17204,508278,1
17205,508279,1
17206,508280,1
17212,508281,1
17213,508282,1
17214,508283,1
17215,508284,1
19761,509112,1
17217,508286,1
17218,508287,1
17219,508288,1
17221,508289,1
17222,508290,1
14756,508291,1
17855,508292,1
20976,508293,1
17228,508294,1
17229,508295,1
14761,508296,1
14762,508297,1
18116,508298,1
14764,508299,1
14765,508300,1
14766,508301,1
14767,508302,1
14768,508303,1
14769,508304,1
21190,508305,1
14771,508306,1
14772,508307,1
14773,508308,1
14774,508309,1
14775,508310,1
14776,508311,1
14777,508312,1
14778,508313,1
14779,508314,1
14780,508315,1
14781,508316,1
14782,508317,1
14783,508318,1
14784,508319,1
14785,508320,1
14786,508321,1
14787,508322,1
14788,508323,1
14789,508324,1
14790,508325,1
14791,508326,1
14792,508327,1
14793,508328,1
14794,508329,1
14795,508330,1
14796,508331,1
14797,508332,1
14798,508333,1
14799,508334,1
14800,508335,1
14801,508336,1
14802,508337,1
14803,508338,1
14804,508339,1
14805,508340,1
14806,508341,1
14807,508342,1
14808,508343,1
14809,508344,1
14810,508345,1
14811,508346,1
14812,508347,1
14813,508348,1
14814,508349,1
14815,508350,1
14816,508351,1
14817,508352,1
14818,508353,1
14819,508354,1
14820,508355,1
14821,508356,1
14822,508357,1
14823,508358,1
14824,508359,1
14825,508360,1
14826,508361,1
14827,508362,1
14828,508363,1
14829,508364,1
14830,508365,1
14831,508366,1
14832,508367,1
14833,508368,1
14834,508369,1
14835,508370,1
14836,508371,1
14837,508372,1
14838,508373,1
14839,508374,1
16371,508375,1
17080,508376,1
14842,508377,1
14843,508378,1
14844,508379,1
14845,508380,1
14846,508381,1
14847,508382,1
14848,508383,1
14849,508384,1
14850,508385,1
14851,508386,1
14852,508387,1
14853,508388,1
14854,508389,1
14855,508390,1
14856,508391,1
14857,508392,1
14858,508393,1
14859,508394,1
18149,508395,1
14861,508396,1
14862,508397,1
14863,508398,1
14864,508399,1
14865,508400,1
14866,508401,1
14867,508402,1
14868,508403,1
14869,508404,1
14870,508405,1
14871,508406,1
14872,508407,1
14873,508408,1
14874,508409,1
14875,508410,1
14876,508411,1
14877,508412,1
14878,508413,1
14879,508414,1
14880,508415,1
14881,508416,1
14882,508417,1
14883,508418,1
14884,508419,1
14885,508420,1
18125,508421,1
14887,508422,1
14888,508423,1
14889,508424,1
14890,508425,1
14891,508426,1
17307,508427,1
14893,508428,1
14894,508429,1
14895,508430,1
14896,508431,1
14897,508432,1
14898,508433,1
14899,508434,1
14900,508435,1
14901,508436,1
14902,508437,1
14903,508438,1
14904,508439,1
14905,508440,1
14906,508441,1
14907,508442,1
14908,508443,1
14909,508444,1
14910,508445,1
19148,508446,1
14912,508447,1
14913,508448,1
14914,508449,1
14915,508450,1
14916,508451,1
14917,508452,1
14918,508453,1
14919,508454,1
14920,508455,1
14921,508456,1
14922,508457,1
14923,508458,1
14924,508459,1
14925,508460,1
14926,508461,1
14927,508462,1
14928,508463,1
14929,508464,1
14930,508465,1
14931,508466,1
14932,508467,1
14933,508468,1
14934,508469,1
14935,508470,1
14936,508471,1
14937,508472,1
14938,508473,1
14939,508474,1
14940,508475,1
14941,508476,1
14942,508477,1
14943,508478,1
14944,508479,1
14945,508480,1
14946,508481,1
14947,508482,1
14948,508483,1
14949,508484,1
14950,508485,1
14951,508486,1
14952,508487,1
14953,508488,1
14954,508489,1
14955,508490,1
14956,508491,1
14957,508492,1
14958,508493,1
14959,508494,1
14960,508495,1
14961,508496,1
14962,508497,1
14963,508498,1
14964,508499,1
14965,508500,1
14966,508501,1
14967,508502,1
14968,508503,1
14969,508504,1
14970,508505,1
14971,508506,1
14972,508507,1
14973,508508,1
14974,508509,1
14975,508510,1
14976,508511,1
14977,508512,1
14978,508513,1
14979,508514,1
14980,508515,1
14981,508516,1
14982,508517,1
14983,508518,1
14984,508519,1
14985,508520,1
14986,508521,1
18139,508522,1
14988,508523,1
14989,508524,1
14990,508525,1
14991,508526,1
14992,508527,1
14993,508528,1
14994,508529,1
14995,508530,1
14996,508531,1
14997,508532,1
14998,508533,1
14999,508534,1
15000,508535,1
15001,508536,1
15002,508537,1
15003,508538,1
15004,508539,1
15005,508540,1
15006,508541,1
15007,508542,1
15008,508543,1
15009,508544,1
15010,508545,1
15011,508546,1
15012,508547,1
15013,508548,1
15014,508549,1
15015,508550,1
15016,508551,1
15017,508552,1
15018,508553,1
15019,508554,1
15020,508555,1
15021,508556,1
15022,508557,1
15023,508558,1
15024,508559,1
15025,508560,1
15026,508561,1
15027,508562,1
15028,508563,1
15029,508564,1
15030,508565,1
15031,508566,1
15032,508567,1
15033,508568,1
15034,508569,1
15035,508570,1
15036,508571,1
15037,508572,1
15038,508573,1
15039,508574,1
15040,508575,1
15041,508576,1
15042,508577,1
15043,508578,1
15044,508579,1
15045,508580,1
15046,508581,1
15047,508582,1
15048,508583,1
15049,508584,1
18198,508585,4
15051,508586,1
15052,508587,1
15053,508588,1
15054,508589,1
15055,508590,1
15056,508591,1
15057,508592,1
15058,508593,1
15059,508594,1
15060,508595,1
15061,508596,1
15062,508597,1
15063,508598,1
15064,508599,1
15065,508600,1
15066,508601,1
15067,508602,1
15068,508603,1
15069,508604,1
15070,508605,1
15071,508606,1
18147,508607,1
15073,508608,1
15074,508609,1
15075,508610,1
18148,508611,1
15077,508612,1
15078,508613,1
15079,508614,1
15080,508615,1
15081,508616,1
15082,508617,1
15083,508618,1
15084,508619,1
15085,508620,1
15086,508621,1
15087,508622,1
15088,508623,1
15089,508624,1
15090,508625,1
15091,508626,1
15092,508627,1
15093,508628,1
18144,508629,1
15095,508630,1
15096,508631,1
15097,508632,1
15098,508633,1
15099,508634,1
15100,508635,1
15101,508636,1
15102,508637,1
15103,508638,1
15104,508639,1
15105,508640,1
15106,508641,1
15107,508642,1
15108,508643,1
15109,508644,1
15110,508645,1
15111,508646,1
15112,508647,1
15113,508648,1
15114,508649,1
15115,508650,1
15116,508651,1
15117,508652,1
15118,508653,1
15119,508654,1
15120,508655,1
15121,508656,1
15122,508657,1
15123,508658,1
15124,508659,1
15125,508660,1
15126,508661,1
15127,508662,1
15128,508663,1
15129,508664,1
15130,508665,1
15131,508666,1
15132,508667,1
15133,508668,1
15134,508669,1
15135,508670,1
15136,508671,1
17886,508672,1
15138,508673,1
15139,508674,1
15140,508675,1
15141,508676,1
15142,508677,1
15143,508678,1
15144,508679,1
15145,508680,1
15146,508681,1
15147,508682,1
15148,508683,1
15149,508684,1
15150,508685,1
15151,508686,1
15152,508687,1
15153,508688,1
18145,508689,1
15155,508690,1
15156,508691,1
15157,508692,1
15158,508693,1
15159,508694,1
15160,508695,1
15161,508696,1
15162,508697,1
18146,508698,1
15164,508699,1
15165,508700,1
15166,508701,1
15167,508702,1
15168,508703,1
15169,508704,1
15170,508705,1
15171,508706,1
15172,508707,1
15173,508708,1
15174,508709,1
15175,508710,1
15176,508711,1
15177,508712,1
15178,508713,1
15179,508714,1
15180,508715,1
15181,508716,1
15182,508717,1
15183,508718,1
18160,508719,1
15185,508720,1
15186,508721,1
15187,508722,1
15188,508723,1
15189,508724,1
15190,508725,1
15191,508726,1
15192,508727,1
15193,508728,1
15194,508729,1
15195,508730,1
15196,508731,1
15197,508732,1
15198,508733,1
15199,508734,1
15200,508735,1
15201,508736,1
15202,508737,1
15203,508738,1
15204,508739,1
15205,508740,1
15206,508741,1
15207,508742,1
15208,508743,1
15209,508744,1
15210,508745,1
15211,508746,1
15212,508747,1
15213,508748,1
15214,508749,1
15215,508750,1
15216,508751,1
15217,508752,1
15218,508753,1
15219,508754,1
15220,508755,1
15221,508756,1
15222,508757,1
15223,508758,1
15224,508759,1
15225,508760,1
15226,508761,1
15227,508762,1
15228,508763,1
15229,508764,1
15230,508765,1
15231,508766,1
15232,508767,1
15233,508768,1
15234,508769,1
15235,508770,1
15236,508771,1
15237,508772,1
15238,508773,1
15239,508774,1
15240,508775,1
15241,508776,1
15242,508777,1
15243,508778,1
15244,508779,1
15245,508780,1
15246,508781,1
15247,508782,1
15248,508783,1
15249,508784,1
15250,508785,1
15251,508786,1
15252,508787,1
15253,508788,1
15254,508789,1
15255,508790,1
15256,508791,1
15257,508792,1
15258,508793,1
15259,508794,1
15260,508795,1
15261,508796,1
15262,508797,1
15263,508798,1
15264,508799,1
15265,508800,1
15266,508801,1
15267,508802,1
15268,508803,1
15269,508804,1
15270,508805,1
15271,508806,1
15272,508807,1
15273,508808,1
15274,508809,1
15275,508810,1
15276,508811,1
15277,508812,1
15278,508813,1
15279,508814,1
15280,508815,1
15281,508816,1
15282,508817,1
15283,508818,1
15284,508819,1
15285,508820,1
15286,508821,1
15287,508822,1
15288,508823,1
15289,508824,1
15290,508825,1
15291,508826,1
15292,508827,1
15293,508828,1
15294,508829,1
15295,508830,1
15296,508831,1
15297,508832,1
15298,508833,1
15299,508834,1
15300,508835,1
15301,508836,1
15302,508837,1
15303,508838,1
15304,508839,1
15305,508840,1
15306,508841,1
15307,508842,1
15308,508843,1
15309,508844,1
15310,508845,1
15311,508846,1
15312,508847,1
15313,508848,1
15314,508849,1
15315,508850,1
15316,508851,1
15317,508852,1
15318,508853,1
15319,508854,1
15320,508855,1
15321,508856,1
15322,508857,1
15323,508858,1
15324,508859,1
15325,508860,1
15326,508861,1
15327,508862,1
15328,508863,1
18140,508864,1
15330,508865,1
15331,508866,1
15332,508867,1
15333,508868,1
15334,508869,1
15335,508870,1
15336,508871,1
15337,508872,1
15338,508873,1
15339,508874,1
15340,508875,1
15341,508876,1
15342,508877,1
15343,508878,1
15344,508879,1
15345,508880,1
15346,508881,1
15347,508882,1
15348,508883,1
15349,508884,1
15350,508885,1
15351,508886,1
15411,508887,1
15353,508888,1
15354,508889,1
15355,508890,1
15356,508891,1
15388,508892,1
18410,508893,1
18173,508930,1
17039,508931,1
19147,508932,1
17078,508933,1
17084,508934,1
17165,508259,30
17169,508935,1
17173,508936,1
17174,508937,1
17193,508938,1
17199,508939,1
17867,508949,1
17995,508950,1
17884,504911,1
18170,508951,1
18184,508952,1
18185,508953,1
20565,508956,1
20567,508955,1
18307,509003,1
18260,508958,1
18171,508959,1
18181,508960,1
18182,508961,1
18183,508962,1
18174,508963,1
18259,508964,1
21192,508965,1
19272,509064,1
17966,506198,1
20729,508967,1
20666,508970,1
18082,508971,1
18057,508972,1
18117,508973,1
18076,508974,1
18089,508977,1
18063,508976,1
20428,508978,1
18070,508979,1
20421,508980,1
18179,508982,1
18180,508983,1
18197,508585,1
18202,508984,4
18201,508984,1
18204,508985,1
18223,508986,1
18224,508987,1
18506,508988,1
18226,508989,1
18254,508990,1
18232,508991,1
18398,508992,1
18256,508993,1
18270,508994,1
18271,508995,1
18272,508996,1
18273,508997,1
18298,508999,1
18294,509000,1
18299,509001,1
18300,509002,1
18282,508957,1
18319,509004,1
18393,509005,1
18317,509006,1
20646,509007,1
18349,509008,1
18377,509009,1
18378,509010,1
18365,509011,1
18381,509012,1
18382,509013,1
18383,509014,1
18384,509015,1
18385,509016,1
18376,509017,1
18394,509018,1
18401,509019,1
18400,509020,1
18493,509021,1
18411,509022,1
18486,509023,1
18455,509024,1
18472,509025,1
18463,509026,1
18467,509027,1
18947,509028,1
18945,509029,1
18515,509030,1
18516,509031,1
18577,509032,1
18556,509033,1
18557,509034,1
18554,509035,1
18535,509036,1
18536,509037,1
18544,509038,1
18558,509039,1
18537,509040,1
18538,509041,1
18539,509042,1
18545,509043,1
18541,504707,1
18543,504735,1
18571,509044,1
18573,509045,1
19067,509046,1
19484,509047,1
19638,509048,1
18774,504705,0
18775,504705,1
18776,504711,1
18777,504713,1
20510,509049,1
18802,504825,1
18794,504731,1
18864,509050,1
18878,509051,1
18927,502066,1
19319,509052,1
19016,509053,1
19143,509054,1
19353,509055,1
19187,509056,1
19206,509057,1
19209,509058,1
19211,509059,1
19234,509060,1
19273,509061,1
19327,509066,1
19337,509069,1
19344,509070,1
19665,509076,1
19664,509077,1
19660,509078,1
19667,509079,1
19670,509080,1
19672,509081,1
19674,509082,1
19676,509083,1
19678,509084,1
19680,509085,1
19683,509086,1
19686,504717,0
19687,504717,1
19689,509087,1
19691,509088,1
19693,509089,1
19697,509090,1
19698,509091,1
19700,509092,1
19702,509093,1
19704,509094,1
19706,509095,1
19708,509096,1
19710,509097,1
19715,509098,1
19714,509099,1
19717,509100,1
19719,509101,1
19721,509102,1
19729,509103,1
19730,509104,1
19727,509105,1
19732,509106,1
19734,509107,1
19736,509108,1
19738,509109,1
19740,509110,1
19742,509111,1
19763,509113,1
19766,509114,1
19768,509115,1
19770,509116,1
19772,509117,1
19774,509118,1
19776,509119,1
19778,509120,1
19780,509121,1
19782,509122,1
19965,509123,1
19787,509124,1
19789,509125,1
19791,509126,1
19793,509127,1
19801,509128,1
19800,509129,1
19799,509130,1
19803,509131,1
19805,509132,1
19807,509133,1
19809,509134,1
19812,509135,1
19814,509136,1
19818,509137,1
19820,509138,1
19822,509139,1
19824,509140,1
21110,509336,1
21107,504771,1
19830,509141,1
19832,509142,1
19836,509143,1
19838,509144,1
19840,509145,1
19842,509146,1
19844,509147,1
19846,509148,1
19853,509149,1
19854,509150,1
19852,509151,1
19856,509152,1
19858,509153,1
19860,509154,1
19885,509155,1
19864,509156,1
19866,509157,1
19869,509158,1
19871,509159,1
19873,509160,1
19884,509161,1
19877,509162,1
19879,509163,1
19881,509164,1
19883,509165,1
19887,509166,1
19890,504714,0
19891,504714,1
19897,504719,0
19895,504718,1
19898,504719,1
19899,504720,0
19900,504720,1
19901,504721,0
19902,504721,1
19903,504722,0
19904,504722,1
19905,504727,0
19906,504727,1
19908,509167,1
19909,504706,0
19910,504706,1
19911,504708,0
19912,504708,1
19913,504709,0
19914,504709,1
19915,504712,0
19916,504712,1
19917,504729,0
19918,504729,1
19919,504730,0
19920,504730,1
19922,509168,1
19923,504744,0
19924,504744,1
19925,504745,0
19926,504745,1
19927,504747,0
19928,504747,1
19929,504748,0
19930,504748,1
19931,504749,0
19932,504749,1
19937,504751,0
19936,504750,1
19938,504751,1
19939,504752,0
19940,504752,1
19941,504753,0
19942,504753,1
19943,504754,0
19944,504754,1
19950,509169,1
19948,504755,1
19952,509170,1
19956,509171,1
19958,509172,1
19960,509173,1
19962,509174,1
19964,509175,1
19968,504756,0
19969,504756,1
19970,504757,0
19971,504757,1
19972,504759,0
19973,504759,1
19974,504760,0
19975,504760,1
19977,509176,1
19978,504761,0
19979,504761,1
19981,509177,1
19982,504762,0
19983,504762,1
19984,504763,0
19985,504763,1
19998,504764,0
19999,504764,1
20000,504765,0
20001,504765,1
20002,504766,0
20003,504766,1
20013,504772,0
20006,504767,1
20011,504768,1
20009,504769,0
20010,504769,1
20014,504772,1
20015,504773,0
20016,504773,1
20020,504775,0
20019,504774,1
20021,504775,1
20022,504776,0
20023,504776,1
20746,509178,1
20747,509179,1
20748,509180,1
20749,509181,1
20750,509182,1
20751,509183,1
20752,509184,1
20753,509185,1
20754,509186,1
20755,509187,1
20756,509188,1
20757,509189,1
20758,509190,1
20759,509191,1
20760,509192,1
20761,509193,1
20762,509194,1
20763,509195,1
20764,509196,1
20765,509197,1
20097,504777,0
20098,504777,1
20100,504778,0
20101,504778,1
20102,504779,0
20103,504779,1
20104,504781,0
20105,504781,1
20106,504782,0
20107,504782,1
20766,509198,1
20110,504783,1
20113,504784,1
20767,509199,1
20768,509200,1
20769,509201,1
20771,509202,1
20770,509203,1
20772,509204,1
20773,509205,1
20775,509206,1
20774,509207,1
20151,509208,1
20153,509209,1
20169,509210,1
20172,509211,1
20776,509212,1
20777,509213,1
20778,509214,1
20779,509215,1
20182,509216,1
20205,509217,1
20207,509218,1
20210,509219,1
20212,509220,1
20214,509221,1
20573,509224,1
20781,509225,1
20782,509226,1
20783,509227,1
20784,509228,1
20785,509229,1
20786,509230,1
20787,509231,1
20788,509232,1
20789,509233,1
20601,509234,1
20603,509235,1
20605,509236,1
20617,509238,1
20621,509239,1
20623,509240,1
20625,509241,1
20628,509242,1
20630,509243,1
20634,509244,1
20642,509245,1
20638,509246,1
20641,509247,1
20644,509248,1
20652,509249,1
20657,509250,1
20656,509251,1
20660,509252,1
20662,509253,1
20664,509254,1
20669,509255,1
20671,509256,1
20677,509257,1
20679,509258,1
20681,509259,1
20683,509260,1
20687,507577,4
20711,509261,1
20713,509262,1
20715,509263,1
20717,509264,1
20790,509265,1
20791,509266,1
20792,509267,1
20793,509268,1
20794,509269,1
20743,509270,1
20798,509271,1
20812,509272,1
20814,509273,1
20816,509274,1
20820,509275,1
20831,509276,1
20833,509277,1
20838,509278,1
20837,509279,1
20845,509280,1
20848,509281,1
20851,509282,1
20853,509283,1
20856,509284,1
20868,509285,1
20871,509286,1
20873,509287,1
20875,509288,1
20893,509289,1
20895,509290,1
20897,509291,1
20899,509292,1
20901,509293,1
20904,509294,1
20910,509295,1
20912,509296,1
20915,509297,1
20918,509298,1
20920,509299,1
20922,509300,1
20930,509301,1
20932,509302,1
20942,509303,1
20944,509304,1
20946,509305,1
20952,509306,1
20954,509307,1
20956,509308,1
20958,509309,1
20964,509310,1
20967,509311,1
20970,509312,1
20972,509313,1
20975,509314,1
20979,509315,1
21021,509316,1
21024,509317,1
21026,509318,1
21029,509319,1
21031,509320,1
21033,509321,1
21035,509322,1
21039,509323,1
21041,509324,1
21043,509325,1
21045,509326,1
21047,509327,1
21051,509328,1
21053,509329,1
21055,509330,1
21058,509331,1
21060,509332,1
21067,509333,1
21069,509334,1
21071,509335,1
21112,509337,1
21090,507685,1
21120,509339,1
21122,509340,1
21124,509341,1
21130,509342,1
21132,509343,1
21134,509344,1
21138,509345,1
21140,509346,1
21142,509347,1
21144,509348,1
21146,509349,1
21148,509350,1
21150,509351,1
